time;gFx;gFy;gFz;TgF
0.0030;-0.1896;-0.0222;0.9836;1.002
0.0170;-0.1845;-0.0200;0.9824;1.000
0.0190;-0.1862;-0.0191;0.9914;1.009
0.0210;-0.1871;-0.0176;0.9965;1.014
0.0840;-0.1910;-0.0254;0.9704;0.989
0.0860;-0.1879;-0.0222;0.9777;0.996
0.1030;-0.1864;-0.0208;0.9784;0.996
0.1050;-0.1857;-0.0198;0.9831;1.001
0.1070;-0.1854;-0.0183;0.9880;1.005
0.1080;-0.1876;-0.0191;0.9838;1.002
0.1110;-0.1881;-0.0181;0.9863;1.004
0.1120;-0.1869;-0.0181;0.9870;1.005
0.1250;-0.1859;-0.0178;0.9890;1.006
0.1270;-0.1849;-0.0181;0.9887;1.006
0.1290;-0.1845;-0.0188;0.9880;1.005
0.1300;-0.1849;-0.0186;0.9885;1.006
0.1670;-0.1847;-0.0191;0.9875;1.005
0.1810;-0.1845;-0.0195;0.9870;1.004
0.1820;-0.1837;-0.0195;0.9870;1.004
0.1840;-0.1842;-0.0193;0.9872;1.004
0.1850;-0.1840;-0.0191;0.9877;1.005
0.1990;-0.1837;-0.0188;0.9877;1.005
0.2130;-0.1840;-0.0186;0.9877;1.005
0.2150;-0.1840;-0.0188;0.9885;1.006
0.2530;-0.1847;-0.0191;0.9890;1.006
0.2670;-0.1847;-0.0193;0.9887;1.006
0.2690;-0.1842;-0.0193;0.9885;1.006
0.2700;-0.1835;-0.0191;0.9877;1.005
0.2710;-0.1835;-0.0188;0.9872;1.004
0.2840;-0.1842;-0.0186;0.9875;1.005
0.2900;-0.1842;-0.0181;0.9875;1.005
0.2930;-0.1842;-0.0181;0.9875;1.005
0.3250;-0.1835;-0.0181;0.9872;1.004
0.3290;-0.1837;-0.0178;0.9870;1.004
0.4500;-0.1835;-0.0186;0.9868;1.004
0.4540;-0.1832;-0.0188;0.9865;1.004
0.4560;-0.1840;-0.0186;0.9868;1.004
0.4790;-0.1837;-0.0183;0.9865;1.004
0.4820;-0.1847;-0.0176;0.9865;1.004
0.4840;-0.1842;-0.0176;0.9868;1.004
0.4870;-0.1830;-0.0176;0.9870;1.004
0.4900;-0.1818;-0.0178;0.9877;1.004
0.4920;-0.1815;-0.0186;0.9880;1.005
0.4950;-0.1820;-0.0188;0.9882;1.005
0.4960;-0.1823;-0.0195;0.9880;1.005
0.4980;-0.1818;-0.0198;0.9875;1.004
0.4990;-0.1803;-0.0195;0.9875;1.004
0.5000;-0.1798;-0.0191;0.9872;1.004
0.5020;-0.1803;-0.0188;0.9868;1.003
0.5040;-0.1815;-0.0191;0.9865;1.003
0.5170;-0.1830;-0.0193;0.9860;1.003
0.5200;-0.1837;-0.0198;0.9865;1.004
0.5210;-0.1835;-0.0200;0.9872;1.004
0.5230;-0.1832;-0.0198;0.9870;1.004
0.5250;-0.1827;-0.0195;0.9870;1.004
0.5650;-0.1832;-0.0188;0.9860;1.003
0.5670;-0.1832;-0.0186;0.9850;1.002
0.6110;-0.1832;-0.0188;0.9850;1.002
0.6120;-0.1842;-0.0191;0.9858;1.003
0.6140;-0.1854;-0.0191;0.9853;1.003
0.6160;-0.1871;-0.0186;0.9848;1.003
0.6180;-0.1874;-0.0186;0.9858;1.004
0.6310;-0.1874;-0.0176;0.9855;1.003
0.6330;-0.1867;-0.0171;0.9865;1.004
0.6350;-0.1854;-0.0171;0.9868;1.004
0.6370;-0.1840;-0.0169;0.9865;1.004
0.6520;-0.1818;-0.0176;0.9868;1.004
0.6550;-0.1801;-0.0183;0.9872;1.004
0.7030;-0.1788;-0.0186;0.9885;1.005
0.7050;-0.1801;-0.0188;0.9877;1.004
0.7190;-0.1827;-0.0188;0.9877;1.005
0.7210;-0.1849;-0.0188;0.9875;1.005
0.7230;-0.1867;-0.0188;0.9870;1.005
0.7250;-0.1864;-0.0183;0.9875;1.005
0.7260;-0.1847;-0.0181;0.9872;1.005
0.7410;-0.1827;-0.0178;0.9872;1.004
0.8100;-0.1815;-0.0178;0.9870;1.004
0.8120;-0.1815;-0.0181;0.9868;1.003
0.8140;-0.1820;-0.0186;0.9868;1.004
0.8160;-0.1827;-0.0188;0.9875;1.004
0.8290;-0.1832;-0.0188;0.9887;1.006
0.8330;-0.1835;-0.0188;0.9892;1.006
0.8340;-0.1832;-0.0186;0.9894;1.006
0.8360;-0.1830;-0.0186;0.9882;1.005
0.8370;-0.1830;-0.0188;0.9872;1.004
0.8390;-0.1832;-0.0191;0.9870;1.004
0.8520;-0.1830;-0.0191;0.9868;1.004
0.8530;-0.1827;-0.0188;0.9870;1.004
0.9150;-0.1823;-0.0183;0.9870;1.004
0.9360;-0.1820;-0.0181;0.9875;1.004
0.9390;-0.1825;-0.0181;0.9872;1.004
0.9410;-0.1830;-0.0183;0.9870;1.004
0.9440;-0.1832;-0.0183;0.9872;1.004
0.9480;-0.1832;-0.0181;0.9870;1.004
0.9510;-0.1827;-0.0176;0.9872;1.004
0.9530;-0.1827;-0.0173;0.9877;1.005
0.9740;-0.1830;-0.0173;0.9877;1.005
0.9770;-0.1847;-0.0176;0.9880;1.005
0.9810;-0.1862;-0.0181;0.9877;1.005
1.0250;-0.1871;-0.0183;0.9872;1.005
1.0280;-0.1881;-0.0186;0.9870;1.005
1.0300;-0.1864;-0.0186;0.9870;1.005
1.0310;-0.1852;-0.0186;0.9877;1.005
1.0440;-0.1835;-0.0186;0.9880;1.005
1.0460;-0.1793;-0.0186;0.9887;1.005
1.0480;-0.1764;-0.0186;0.9890;1.005
1.0490;-0.1759;-0.0183;0.9887;1.004
1.0870;-0.1759;-0.0181;0.9890;1.005
1.0890;-0.1818;-0.0181;0.9882;1.005
1.1020;-0.1852;-0.0178;0.9875;1.005
1.5220;-0.1862;-0.0178;0.9872;1.005
1.5240;-0.1852;-0.0181;0.9860;1.003
1.5250;-0.1832;-0.0171;0.9882;1.005
1.5270;-0.1837;-0.0164;0.9904;1.007
1.5410;-0.1840;-0.0169;0.9887;1.006
1.5430;-0.1845;-0.0169;0.9894;1.007
1.5450;-0.1825;-0.0178;0.9870;1.004
1.5460;-0.1813;-0.0188;0.9853;1.002
1.5480;-0.1803;-0.0186;0.9875;1.004
1.5490;-0.1813;-0.0181;0.9882;1.005
1.5510;-0.1842;-0.0181;0.9877;1.005
1.5560;-0.1864;-0.0181;0.9865;1.004
1.5590;-0.1845;-0.0178;0.9860;1.003
1.5620;-0.1823;-0.0181;0.9855;1.002
1.5670;-0.1808;-0.0181;0.9868;1.003
1.5700;-0.1801;-0.0181;0.9872;1.004
1.5740;-0.1835;-0.0183;0.9870;1.004
1.5780;-0.1847;-0.0186;0.9872;1.005
1.5810;-0.1835;-0.0188;0.9870;1.004
1.5850;-0.1815;-0.0191;0.9875;1.004
1.5890;-0.1815;-0.0191;0.9877;1.004
1.5950;-0.1837;-0.0191;0.9875;1.005
1.5960;-0.1849;-0.0186;0.9872;1.005
1.5980;-0.1849;-0.0186;0.9872;1.005
1.5990;-0.1830;-0.0188;0.9875;1.004
1.6010;-0.1820;-0.0186;0.9872;1.004
1.6020;-0.1818;-0.0186;0.9870;1.004
1.6040;-0.1827;-0.0181;0.9865;1.003
1.6050;-0.1830;-0.0176;0.9865;1.003
1.6070;-0.1825;-0.0176;0.9870;1.004
1.6090;-0.1820;-0.0176;0.9875;1.004
1.6100;-0.1823;-0.0176;0.9882;1.005
1.6110;-0.1832;-0.0176;0.9885;1.005
1.6140;-0.1830;-0.0176;0.9887;1.006
1.6150;-0.1830;-0.0176;0.9882;1.005
1.6170;-0.1823;-0.0176;0.9875;1.004
1.6180;-0.1823;-0.0178;0.9872;1.004
1.6200;-0.1827;-0.0178;0.9870;1.004
1.6210;-0.1830;-0.0178;0.9875;1.004
1.6230;-0.1837;-0.0181;0.9870;1.004
1.6240;-0.1842;-0.0181;0.9868;1.004
1.6260;-0.1852;-0.0183;0.9865;1.004
1.6270;-0.1852;-0.0186;0.9860;1.003
1.6290;-0.1849;-0.0186;0.9870;1.004
1.6310;-0.1842;-0.0186;0.9872;1.004
1.6320;-0.1830;-0.0183;0.9877;1.005
1.6340;-0.1827;-0.0181;0.9885;1.005
1.6840;-0.1825;-0.0181;0.9882;1.005
1.6860;-0.1825;-0.0176;0.9882;1.005
1.6880;-0.1830;-0.0173;0.9880;1.005
1.6890;-0.1830;-0.0173;0.9872;1.004
1.6900;-0.1827;-0.0173;0.9870;1.004
1.6920;-0.1823;-0.0178;0.9865;1.003
1.6940;-0.1820;-0.0188;0.9863;1.003
1.6960;-0.1825;-0.0195;0.9868;1.004
1.6970;-0.1830;-0.0200;0.9872;1.004
1.6990;-0.1830;-0.0198;0.9875;1.004
1.7030;-0.1827;-0.0191;0.9875;1.004
1.7070;-0.1825;-0.0186;0.9868;1.004
1.8060;-0.1827;-0.0183;0.9868;1.004
1.8080;-0.1835;-0.0188;0.9870;1.004
1.8100;-0.1837;-0.0191;0.9875;1.005
1.8110;-0.1837;-0.0191;0.9885;1.006
1.8130;-0.1832;-0.0188;0.9887;1.006
1.8150;-0.1830;-0.0183;0.9890;1.006
1.8580;-0.1830;-0.0183;0.9885;1.005
1.8620;-0.1830;-0.0183;0.9880;1.005
1.8650;-0.1825;-0.0186;0.9877;1.005
1.8670;-0.1818;-0.0188;0.9870;1.004
1.8680;-0.1813;-0.0188;0.9868;1.003
1.8700;-0.1808;-0.0186;0.9872;1.004
1.8710;-0.1808;-0.0181;0.9875;1.004
1.8730;-0.1820;-0.0178;0.9875;1.004
1.8750;-0.1825;-0.0176;0.9877;1.005
1.8760;-0.1830;-0.0176;0.9872;1.004
1.8900;-0.1842;-0.0181;0.9870;1.004
1.8920;-0.1840;-0.0183;0.9870;1.004
1.8940;-0.1845;-0.0186;0.9868;1.004
1.8960;-0.1845;-0.0186;0.9868;1.004
1.8980;-0.1842;-0.0186;0.9870;1.004
1.8990;-0.1842;-0.0188;0.9877;1.005
1.9010;-0.1842;-0.0186;0.9882;1.005
1.9410;-0.1847;-0.0186;0.9885;1.006
1.9850;-0.1840;-0.0183;0.9880;1.005
1.9860;-0.1837;-0.0176;0.9872;1.004
1.9880;-0.1835;-0.0173;0.9868;1.004
1.9890;-0.1835;-0.0173;0.9863;1.003
1.9910;-0.1845;-0.0176;0.9863;1.004
2.0050;-0.1849;-0.0183;0.9865;1.004
2.0070;-0.1845;-0.0186;0.9877;1.005
2.0080;-0.1813;-0.0188;0.9890;1.006
2.0100;-0.1779;-0.0186;0.9899;1.006
2.0110;-0.1783;-0.0181;0.9897;1.006
2.0530;-0.1801;-0.0183;0.9887;1.005
2.0550;-0.1842;-0.0183;0.9877;1.005
2.0690;-0.1857;-0.0181;0.9870;1.004
2.0710;-0.1832;-0.0181;0.9875;1.005
2.0730;-0.1808;-0.0181;0.9875;1.004
2.0870;-0.1805;-0.0178;0.9882;1.005
2.0890;-0.1830;-0.0178;0.9887;1.006
2.5730;-0.1845;-0.0181;0.9887;1.006
2.5750;-0.1849;-0.0181;0.9887;1.006
2.5770;-0.1832;-0.0183;0.9880;1.005
2.5780;-0.1825;-0.0183;0.9875;1.004
2.5800;-0.1823;-0.0183;0.9870;1.004
2.5810;-0.1827;-0.0183;0.9868;1.004
2.5830;-0.1832;-0.0183;0.9872;1.004
2.5840;-0.1827;-0.0186;0.9875;1.004
2.5860;-0.1827;-0.0183;0.9885;1.005
2.5870;-0.1832;-0.0183;0.9887;1.006
2.5890;-0.1837;-0.0183;0.9882;1.005
2.5900;-0.1840;-0.0181;0.9875;1.005
2.5920;-0.1840;-0.0186;0.9865;1.004
2.5930;-0.1835;-0.0188;0.9863;1.003
2.5950;-0.1835;-0.0186;0.9855;1.003
2.5960;-0.1842;-0.0191;0.9855;1.003
2.5980;-0.1852;-0.0191;0.9855;1.003
2.5990;-0.1862;-0.0193;0.9855;1.003
2.6010;-0.1857;-0.0198;0.9865;1.004
2.6020;-0.1847;-0.0198;0.9870;1.004
2.6040;-0.1842;-0.0195;0.9875;1.005
2.6060;-0.1837;-0.0191;0.9880;1.005
2.6070;-0.1815;-0.0188;0.9887;1.005
2.6090;-0.1813;-0.0186;0.9882;1.005
2.6100;-0.1805;-0.0186;0.9877;1.004
2.6120;-0.1820;-0.0183;0.9872;1.004
2.6140;-0.1849;-0.0181;0.9863;1.004
2.6150;-0.1859;-0.0178;0.9865;1.004
2.6170;-0.1842;-0.0173;0.9868;1.004
2.6180;-0.1830;-0.0176;0.9875;1.004
2.6200;-0.1830;-0.0178;0.9880;1.005
2.6210;-0.1837;-0.0181;0.9877;1.005
2.6220;-0.1832;-0.0186;0.9880;1.005
2.6350;-0.1801;-0.0186;0.9877;1.004
2.6370;-0.1796;-0.0183;0.9880;1.004
2.6390;-0.1783;-0.0181;0.9890;1.005
2.6400;-0.1840;-0.0178;0.9877;1.005
2.6420;-0.1859;-0.0186;0.9872;1.005
2.6430;-0.1852;-0.0195;0.9863;1.004
2.6460;-0.1827;-0.0200;0.9855;1.003
2.6470;-0.1813;-0.0203;0.9872;1.004
2.6490;-0.1835;-0.0195;0.9882;1.005
2.6510;-0.1857;-0.0191;0.9877;1.005
2.6530;-0.1867;-0.0188;0.9880;1.006
2.6550;-0.1837;-0.0188;0.9875;1.005
2.6570;-0.1808;-0.0186;0.9877;1.004
2.6590;-0.1779;-0.0181;0.9894;1.005
2.6610;-0.1801;-0.0183;0.9892;1.006
2.6620;-0.1818;-0.0183;0.9890;1.006
2.6650;-0.1835;-0.0186;0.9880;1.005
2.6670;-0.1837;-0.0186;0.9875;1.005
2.6690;-0.1830;-0.0181;0.9872;1.004
2.6710;-0.1827;-0.0178;0.9870;1.004
2.6730;-0.1830;-0.0178;0.9868;1.004
2.6750;-0.1830;-0.0181;0.9868;1.004
2.7180;-0.1818;-0.0183;0.9875;1.004
2.7200;-0.1813;-0.0186;0.9875;1.004
2.7210;-0.1825;-0.0188;0.9875;1.004
2.7230;-0.1854;-0.0191;0.9868;1.004
2.7240;-0.1864;-0.0193;0.9865;1.004
2.7620;-0.1867;-0.0195;0.9870;1.005
2.7640;-0.1842;-0.0193;0.9877;1.005
2.7650;-0.1830;-0.0195;0.9885;1.005
2.7670;-0.1837;-0.0198;0.9887;1.006
2.7680;-0.1845;-0.0195;0.9882;1.005
2.8060;-0.1842;-0.0193;0.9882;1.005
2.8080;-0.1827;-0.0186;0.9882;1.005
2.8090;-0.1823;-0.0183;0.9875;1.004
2.8110;-0.1823;-0.0183;0.9877;1.005
2.8120;-0.1837;-0.0186;0.9872;1.004
2.8250;-0.1842;-0.0186;0.9868;1.004
2.8260;-0.1837;-0.0181;0.9870;1.004
2.8280;-0.1820;-0.0183;0.9872;1.004
2.8290;-0.1820;-0.0183;0.9875;1.004
2.8310;-0.1830;-0.0186;0.9877;1.005
2.8680;-0.1835;-0.0186;0.9875;1.005
2.8700;-0.1840;-0.0186;0.9875;1.005
2.8820;-0.1827;-0.0188;0.9875;1.004
2.8840;-0.1830;-0.0186;0.9870;1.004
2.8860;-0.1830;-0.0191;0.9872;1.004
2.8980;-0.1837;-0.0191;0.9870;1.004
2.9000;-0.1832;-0.0186;0.9870;1.004
2.9400;-0.1832;-0.0188;0.9875;1.005
2.9530;-0.1840;-0.0186;0.9877;1.005
2.9550;-0.1842;-0.0183;0.9875;1.005
2.9560;-0.1857;-0.0186;0.9870;1.004
2.9570;-0.1840;-0.0186;0.9863;1.003
2.9700;-0.1827;-0.0188;0.9865;1.003
2.9720;-0.1820;-0.0191;0.9872;1.004
2.9750;-0.1818;-0.0193;0.9880;1.005
2.9900;-0.1827;-0.0198;0.9882;1.005
3.0300;-0.1832;-0.0200;0.9875;1.005
3.0320;-0.1840;-0.0198;0.9872;1.004
3.0450;-0.1847;-0.0195;0.9860;1.003
3.0470;-0.1854;-0.0191;0.9855;1.003
3.0480;-0.1857;-0.0188;0.9860;1.004
3.0620;-0.1857;-0.0191;0.9860;1.004
3.0640;-0.1840;-0.0191;0.9875;1.005
3.0780;-0.1830;-0.0191;0.9887;1.006
3.0800;-0.1825;-0.0188;0.9890;1.006
3.3790;-0.1808;-0.0181;0.9892;1.006
3.3800;-0.1832;-0.0176;0.9882;1.005
3.3820;-0.1849;-0.0171;0.9875;1.005
3.3830;-0.1857;-0.0171;0.9875;1.005
3.3850;-0.1849;-0.0173;0.9870;1.004
3.3860;-0.1813;-0.0176;0.9872;1.004
3.3880;-0.1803;-0.0183;0.9880;1.004
3.3890;-0.1796;-0.0186;0.9872;1.004
3.3910;-0.1815;-0.0191;0.9870;1.004
3.3930;-0.1825;-0.0188;0.9877;1.005
3.3940;-0.1808;-0.0181;0.9880;1.005
3.3960;-0.1818;-0.0176;0.9880;1.005
3.3980;-0.1823;-0.0173;0.9877;1.005
3.3990;-0.1837;-0.0178;0.9865;1.004
3.4010;-0.1837;-0.0181;0.9865;1.004
3.4020;-0.1840;-0.0178;0.9875;1.005
3.4040;-0.1847;-0.0173;0.9887;1.006
3.4050;-0.1837;-0.0173;0.9887;1.006
3.4070;-0.1840;-0.0173;0.9885;1.006
3.4080;-0.1820;-0.0176;0.9882;1.005
3.4750;-0.1820;-0.0183;0.9870;1.004
3.4770;-0.1827;-0.0183;0.9877;1.005
3.4780;-0.1837;-0.0186;0.9875;1.005
3.4790;-0.1832;-0.0193;0.9872;1.004
3.4810;-0.1808;-0.0195;0.9880;1.005
3.4820;-0.1661;-0.0188;0.9924;1.006
3.4850;-0.1498;-0.0210;0.9885;1.000
3.4860;-0.1349;-0.0227;0.9846;0.994
3.4880;-0.1331;-0.0203;0.9916;1.001
3.5570;-0.1424;-0.0217;0.9843;0.995
3.5590;-0.1534;-0.0203;0.9853;0.997
3.5600;-0.1515;-0.0191;0.9943;1.006
3.5620;-0.1441;-0.0208;0.9907;1.001
3.5640;-0.1390;-0.0198;0.9970;1.007
3.5650;-0.1478;-0.0198;0.9951;1.006
3.5670;-0.1695;-0.0195;0.9850;1.000
3.5680;-0.1717;-0.0215;0.9853;1.000
3.5700;-0.1783;-0.0220;0.9802;0.996
3.5710;-0.1710;-0.0215;0.9833;0.998
3.5730;-0.1595;-0.0213;0.9907;1.004
3.5750;-0.1578;-0.0198;0.9853;0.998
3.5760;-0.1517;-0.0198;0.9853;0.997
3.6140;-0.1595;-0.0183;0.9885;1.001
3.6150;-0.1568;-0.0198;0.9853;0.998
3.6170;-0.1561;-0.0215;0.9863;0.999
3.6180;-0.1676;-0.0188;0.9936;1.008
3.6200;-0.1652;-0.0176;0.9977;1.011
3.6210;-0.1639;-0.0230;0.9902;1.004
3.6230;-0.1764;-0.0173;1.0004;1.016
3.6250;-0.1766;-0.0161;1.0043;1.020
3.6260;-0.1708;-0.0176;0.9860;1.001
3.6630;-0.1693;-0.0039;1.0083;1.022
3.6640;-0.1542;-0.0012;1.0126;1.024
3.6660;-0.1610;-0.0056;0.9970;1.010
3.6670;-0.1537;-0.0078;1.0080;1.020
3.7040;-0.1554;-0.0154;0.9924;1.005
3.7060;-0.1666;-0.0222;0.9855;1.000
3.7070;-0.1571;-0.0230;0.9860;0.999
3.7090;-0.1678;-0.0232;0.9821;0.997
3.7100;-0.1808;-0.0298;0.9850;1.002
3.7230;-0.1842;-0.0371;0.9792;0.997
3.7250;-0.1862;-0.0300;0.9872;1.005
3.7260;-0.1918;-0.0242;0.9899;1.009
3.7280;-0.1952;-0.0120;0.9858;1.005
3.7400;-0.1852;-0.0022;0.9809;0.998
3.7780;-0.1735;0.0024;0.9767;0.992
3.7790;-0.1581;0.0083;0.9780;0.991
3.7910;-0.1393;-0.0054;0.9926;1.002
3.7930;-0.1456;-0.0154;0.9875;0.998
3.7950;-0.1539;-0.0337;0.9804;0.993
3.7960;-0.1546;-0.0391;0.9902;1.003
3.7980;-0.1678;-0.0318;0.9784;0.993
3.8110;-0.1693;-0.0257;0.9872;1.002
3.8510;-0.1669;-0.0181;0.9941;1.008
3.8530;-0.1720;-0.0235;0.9841;0.999
3.8660;-0.1695;-0.0210;0.9890;1.004
3.8680;-0.1720;-0.0205;0.9797;0.995
3.8690;-0.1783;-0.0215;0.9723;0.989
3.8820;-0.1659;-0.0215;0.9789;0.993
3.8840;-0.1759;-0.0193;0.9736;0.990
3.8980;-0.1810;-0.0151;0.9824;0.999
3.9000;-0.1688;-0.0178;0.9811;0.996
3.9170;-0.1820;-0.0166;0.9870;1.004
3.9560;-0.1713;-0.0186;0.9980;1.013
3.9570;-0.1546;-0.0166;0.9975;1.010
3.9710;-0.1554;-0.0078;1.0070;1.019
3.9730;-0.1537;-0.0046;1.0039;1.016
3.9750;-0.1632;-0.0024;0.9953;1.009
3.9760;-0.1786;-0.0042;0.9982;1.014
3.9780;-0.1832;-0.0134;0.9938;1.011
3.9920;-0.1808;-0.0266;0.9806;0.998
3.9960;-0.1671;-0.0388;0.9728;0.988
4.0090;-0.1610;-0.0403;0.9784;0.992
4.0490;-0.1610;-0.0281;0.9811;0.995
4.0510;-0.1639;-0.0112;0.9843;0.998
4.0630;-0.1590;0.0015;0.9894;1.002
4.0650;-0.1466;0.0034;0.9811;0.992
4.0660;-0.1583;-0.0017;0.9885;1.001
4.0800;-0.1600;-0.0129;0.9931;1.006
4.0820;-0.1695;-0.0200;0.9958;1.010
4.5680;-0.1634;-0.0225;0.9882;1.002
4.5720;-0.1627;-0.0276;0.9938;1.007
4.5740;-0.1720;-0.0266;1.0021;1.017
4.5750;-0.1673;-0.0288;0.9860;1.001
4.5770;-0.1840;-0.0193;1.0156;1.032
4.5780;-0.1757;-0.0061;1.0266;1.042
4.5800;-0.1693;-0.0073;0.9982;1.013
4.5810;-0.1695;-0.0090;1.0129;1.027
4.5830;-0.1642;-0.0271;0.9921;1.006
4.5840;-0.1742;-0.0366;0.9899;1.006
4.5860;-0.1823;-0.0318;1.0271;1.044
4.5880;-0.1920;-0.0337;1.0075;1.026
4.5890;-0.1864;-0.0081;1.0229;1.040
4.5910;-0.1654;0.0090;1.0197;1.033
4.5920;-0.1522;-0.0107;0.9789;0.991
4.5940;-0.1520;0.0100;1.0305;1.042
4.5950;-0.1671;0.0032;1.0471;1.060
4.5960;-0.1769;-0.0147;1.0092;1.025
4.5980;-0.1842;-0.0037;1.0486;1.065
4.6000;-0.1842;-0.0227;1.0337;1.050
4.6030;-0.1852;-0.0357;0.9816;1.000
4.6050;-0.1886;-0.0359;1.0188;1.037
4.6060;-0.1867;-0.0281;1.0163;1.034
4.6080;-0.1835;-0.0200;0.9897;1.007
4.6090;-0.1793;-0.0181;1.0002;1.016
4.6110;-0.1676;0.0222;0.9951;1.009
4.6140;-0.1620;0.0259;1.0371;1.050
4.6150;-0.1642;-0.0054;1.0366;1.050
4.6170;-0.1700;-0.0496;0.9931;1.009
4.6180;-0.1764;-0.0552;1.0007;1.018
4.6200;-0.1823;-0.0550;0.9814;1.000
4.6210;-0.1859;-0.0406;0.9660;0.985
4.6230;-0.1859;-0.0132;0.9936;1.011
4.6240;-0.1913;-0.0012;1.0043;1.022
4.6260;-0.1832;-0.0010;0.9982;1.015
4.6280;-0.1774;-0.0149;0.9882;1.004
4.6290;-0.1757;-0.0279;0.9777;0.994
4.6310;-0.1757;-0.0269;0.9850;1.001
4.6320;-0.1869;-0.0274;0.9855;1.003
4.6340;-0.1903;-0.0213;0.9846;1.003
4.6350;-0.1896;-0.0249;0.9916;1.010
4.6370;-0.1818;-0.0271;0.9977;1.015
4.6380;-0.1803;-0.0332;1.0019;1.019
4.6520;-0.1867;-0.0459;1.0075;1.026
4.6540;-0.2006;-0.0259;0.9916;1.012
4.6560;-0.1842;-0.0120;0.9804;0.998
4.6580;-0.1615;0.0059;0.9711;0.984
4.6590;-0.1625;-0.0022;0.9787;0.992
4.6600;-0.1434;-0.0095;0.9936;1.004
4.6620;-0.1546;-0.0107;1.0039;1.016
4.6630;-0.1700;-0.0217;1.0043;1.019
4.7010;-0.1598;-0.0120;0.9875;1.000
4.7030;-0.1620;-0.0269;0.9772;0.991
4.7040;-0.1703;-0.0369;0.9714;0.987
4.7420;-0.1744;-0.0371;0.9753;0.991
4.7440;-0.1644;-0.0332;0.9692;0.984
4.7450;-0.1722;-0.0208;0.9987;1.014
4.7470;-0.1739;-0.0132;1.0239;1.039
4.7590;-0.1659;-0.0093;1.0109;1.025
4.7610;-0.1783;-0.0027;1.0405;1.056
4.7620;-0.1730;-0.0046;1.0344;1.049
4.7640;-0.1598;-0.0205;0.9904;1.003
4.7650;-0.1664;-0.0203;1.0158;1.030
4.8030;-0.1686;-0.0217;1.0092;1.023
4.8160;-0.1671;-0.0164;0.9858;1.000
4.8180;-0.1666;0.0012;1.0073;1.021
4.8190;-0.1561;0.0064;0.9975;1.010
4.8330;-0.1449;-0.0000;0.9890;1.000
4.8350;-0.1373;-0.0132;0.9973;1.007
4.8710;-0.1468;-0.0288;0.9836;0.995
4.8730;-0.1412;-0.0379;1.0012;1.012
4.8850;-0.1363;-0.0354;1.0175;1.027
4.8870;-0.1573;-0.0300;1.0114;1.024
4.8880;-0.1493;-0.0232;1.0178;1.029
4.9010;-0.1564;-0.0230;0.9929;1.005
4.9030;-0.1744;-0.0227;0.9872;1.003
4.9160;-0.1661;-0.0298;0.9745;0.989
4.9310;-0.1766;-0.0342;0.9643;0.981
4.9330;-0.1845;-0.0210;0.9838;1.001
4.9690;-0.1813;-0.0078;0.9841;1.001
4.9710;-0.1747;-0.0100;0.9912;1.006
4.9840;-0.1744;0.0029;1.0241;1.039
4.9860;-0.1769;-0.0017;1.0273;1.042
4.9870;-0.1742;-0.0210;0.9982;1.014
5.0000;-0.1810;-0.0061;1.0161;1.032
5.0010;-0.1815;-0.0064;1.0080;1.024
5.0170;-0.1742;-0.0186;0.9880;1.003
5.0300;-0.1959;-0.0134;1.0078;1.027
5.0320;-0.2121;-0.0227;1.0034;1.026
5.0690;-0.2020;-0.0305;0.9958;1.017
5.0710;-0.2167;-0.0147;0.9948;1.018
5.0840;-0.2074;-0.0015;0.9863;1.008
5.0850;-0.1908;0.0132;0.9789;0.997
5.0870;-0.2003;0.0264;0.9748;0.996
5.1000;-0.1803;0.0076;0.9804;0.997
5.1130;-0.1693;-0.0230;0.9804;0.995
5.1150;-0.1656;-0.0550;0.9792;0.995
5.1280;-0.1735;-0.0638;0.9885;1.006
5.1300;-0.1771;-0.0403;0.9870;1.004
5.1670;-0.1717;-0.0051;0.9912;1.006
5.6340;-0.1774;0.0107;0.9855;1.001
5.6360;-0.1739;-0.0005;0.9870;1.002
5.6380;-0.1874;-0.0237;0.9948;1.013
5.6390;-0.1962;-0.0359;0.9899;1.010
5.6410;-0.1940;-0.0288;0.9948;1.014
5.6420;-0.1796;-0.0222;0.9853;1.002
5.6440;-0.1791;-0.0315;0.9780;0.995
5.6460;-0.1832;-0.0518;0.9833;1.002
5.6470;-0.1954;-0.0423;0.9907;1.011
5.6490;-0.1783;-0.0325;0.9701;0.987
5.6500;-0.1473;-0.0068;0.9474;0.959
5.6520;-0.1456;-0.0044;0.9628;0.974
5.6530;-0.1248;-0.0078;0.9721;0.980
5.6550;-0.1432;-0.0071;1.0061;1.016
5.6560;-0.1620;-0.0232;1.0100;1.023
5.6580;-0.1476;-0.0095;0.9953;1.006
5.6590;-0.1441;-0.0198;0.9848;0.995
5.6610;-0.1500;-0.0279;0.9589;0.971
5.6620;-0.1554;-0.0191;0.9631;0.976
5.6640;-0.1544;-0.0161;0.9902;1.002
5.6660;-0.1654;-0.0078;0.9772;0.991
5.6670;-0.1671;-0.0017;0.9797;0.994
5.6690;-0.1642;-0.0093;0.9948;1.008
5.6700;-0.1815;-0.0313;0.9565;0.974
5.6720;-0.1869;-0.0586;0.9582;0.978
5.6730;-0.1554;-0.0464;0.9831;0.996
5.6750;-0.1715;-0.0330;0.9731;0.989
5.6760;-0.1776;-0.0059;0.9740;0.990
5.6780;-0.1483;0.0093;0.9973;1.008
5.6790;-0.1559;-0.0151;0.9973;1.009
5.6810;-0.1385;-0.0235;0.9897;1.000
5.6820;-0.1285;-0.0310;1.0148;1.023
5.6840;-0.1539;-0.0266;1.0178;1.030
5.6860;-0.1725;-0.0244;1.0019;1.017
5.6870;-0.1867;-0.0286;1.0158;1.033
5.6890;-0.1935;-0.0335;0.9970;1.016
5.6900;-0.1847;-0.0457;0.9887;1.007
5.6920;-0.1974;-0.0100;0.9868;1.006
5.6930;-0.1964;0.0283;0.9848;1.005
5.6940;-0.1823;0.0125;0.9789;0.996
5.6960;-0.1962;0.0283;0.9855;1.005
5.6980;-0.1954;-0.0015;1.0046;1.023
5.6990;-0.1732;-0.0252;0.9990;1.014
5.7010;-0.1642;0.0054;0.9973;1.011
5.7020;-0.1705;-0.0093;0.9743;0.989
5.7030;-0.1588;-0.0076;0.9794;0.992
5.7050;-0.1686;-0.0120;1.0092;1.023
5.7060;-0.1937;-0.0257;1.0095;1.028
5.7080;-0.1771;-0.0288;1.0256;1.041
5.7090;-0.1786;-0.0484;1.0136;1.030
5.7250;-0.1989;-0.0300;0.9819;1.002
5.7270;-0.1688;-0.0147;0.9968;1.011
5.7290;-0.1527;0.0110;0.9941;1.006
5.7300;-0.1581;-0.0005;0.9916;1.004
5.7310;-0.1446;-0.0498;1.0090;1.021
5.7330;-0.1700;-0.0730;0.9931;1.010
5.7350;-0.1954;-0.0665;0.9982;1.019
5.7360;-0.1994;-0.0227;1.0031;1.023
5.7740;-0.1989;-0.0005;0.9894;1.009
5.7760;-0.1945;0.0093;1.0034;1.022
5.7770;-0.1901;-0.0107;0.9963;1.014
5.8150;-0.1906;-0.0298;0.9770;0.996
5.8160;-0.1869;-0.0161;0.9921;1.010
5.8180;-0.1832;-0.0039;0.9958;1.013
5.8300;-0.1908;-0.0078;0.9929;1.011
5.8320;-0.2030;-0.0103;1.0078;1.028
5.8340;-0.2238;-0.0239;1.0068;1.032
5.8360;-0.2191;-0.0005;0.9755;1.000
5.8370;-0.2033;0.0391;0.9508;0.973
5.8770;-0.1798;0.0269;0.9672;0.984
5.8800;-0.1676;0.0371;0.9557;0.971
5.8950;-0.1808;0.0103;0.9745;0.991
5.8960;-0.1774;-0.0103;0.9992;1.015
5.8980;-0.1967;-0.0115;0.9736;0.993
5.9000;-0.2047;-0.0352;0.9758;0.998
5.9010;-0.1969;-0.0337;0.9828;1.003
5.9130;-0.1981;-0.0474;0.9645;0.986
5.9530;-0.1747;-0.0310;0.9499;0.966
5.9550;-0.1698;-0.0081;0.9799;0.995
5.9670;-0.1717;-0.0161;0.9591;0.975
5.9690;-0.1813;-0.0154;0.9579;0.975
5.9710;-0.1910;-0.0154;0.9865;1.005
5.9830;-0.1823;-0.0220;0.9704;0.988
5.9850;-0.1720;-0.0322;0.9716;0.987
6.0210;-0.1864;-0.0283;1.0021;1.020
6.0230;-0.2006;-0.0237;1.0029;1.023
6.0350;-0.1871;-0.0039;0.9902;1.008
6.0370;-0.1959;0.0081;1.0053;1.024
6.0380;-0.1801;0.0059;0.9912;1.007
6.0510;-0.1576;-0.0037;0.9868;0.999
6.0530;-0.1673;-0.0222;0.9811;0.996
6.0660;-0.1654;-0.0235;0.9762;0.990
6.0790;-0.1586;-0.0215;0.9931;1.006
6.0810;-0.1583;-0.0122;1.0002;1.013
6.1180;-0.1590;-0.0115;1.0085;1.021
6.1300;-0.1595;-0.0088;1.0114;1.024
6.1320;-0.1649;-0.0093;0.9926;1.006
6.1330;-0.1678;-0.0156;0.9804;0.995
6.1350;-0.1769;-0.0154;0.9897;1.005
6.1470;-0.1862;-0.0171;1.0043;1.022
6.5680;-0.1962;-0.0098;1.0148;1.034
6.5730;-0.1813;-0.0154;0.9894;1.006
6.5750;-0.1546;-0.0252;0.9560;0.969
6.5760;-0.1461;-0.0191;0.9726;0.984
6.5780;-0.1524;-0.0406;0.9450;0.958
6.5790;-0.1862;-0.0432;0.9467;0.966
6.5810;-0.1967;-0.0362;0.9833;1.003
6.5820;-0.1891;-0.0450;0.9699;0.989
6.5840;-0.1769;-0.0362;0.9968;1.013
6.5850;-0.1652;-0.0281;1.0139;1.028
6.5870;-0.1766;-0.0298;0.9960;1.012
6.5890;-0.1830;-0.0274;0.9894;1.007
6.5900;-0.1832;-0.0369;0.9606;0.979
6.5920;-0.1830;-0.0457;0.9416;0.960
6.5930;-0.1888;-0.0105;0.9745;0.993
6.5950;-0.1759;-0.0247;0.9560;0.972
6.5960;-0.1581;-0.0259;0.9677;0.981
6.5980;-0.1278;-0.0432;0.9740;0.983
6.5990;-0.0914;-0.1046;0.9284;0.939
6.6040;-0.1270;-0.0853;0.9557;0.968
6.6060;-0.1456;-0.0679;0.9745;0.988
6.6080;-0.1766;-0.0344;0.9987;1.015
6.6090;-0.1879;-0.0161;0.9929;1.011
6.6110;-0.1937;-0.0178;0.9929;1.012
6.6120;-0.2167;-0.0176;1.0014;1.025
6.6140;-0.1991;-0.0281;0.9936;1.014
6.6150;-0.2240;-0.0406;1.0063;1.032
6.6170;-0.2062;-0.0684;0.9804;1.004
6.6190;-0.2023;-0.0540;0.9868;1.009
6.6200;-0.2006;-0.0472;0.9655;0.987
6.6220;-0.1761;-0.0232;0.9538;0.970
6.6240;-0.1669;0.0015;0.9777;0.992
6.6250;-0.1437;-0.0161;0.9694;0.980
6.6270;-0.1627;-0.0208;0.9804;0.994
6.6280;-0.1688;-0.0349;0.9953;1.010
6.6300;-0.1598;-0.0498;0.9745;0.989
6.6310;-0.1688;-0.0506;0.9662;0.982
6.6330;-0.1742;-0.0467;0.9902;1.006
6.6340;-0.1925;-0.0332;1.0102;1.029
6.6360;-0.1906;-0.0076;1.0310;1.048
6.6370;-0.1930;-0.0188;0.9926;1.011
6.6390;-0.1952;-0.0293;0.9467;0.967
6.6400;-0.1759;-0.0349;0.9599;0.976
6.6570;-0.1769;-0.0528;0.9723;0.990
6.6590;-0.1700;-0.0274;0.9870;1.002
6.6600;-0.1632;-0.0173;1.0332;1.046
6.6620;-0.1779;-0.0122;1.0202;1.036
6.6630;-0.1810;-0.0161;0.9846;1.001
6.6650;-0.1832;-0.0313;1.0136;1.031
6.6660;-0.1854;-0.0310;1.0112;1.029
6.6680;-0.1823;-0.0269;1.0063;1.023
6.7060;-0.1925;-0.0274;0.9985;1.017
6.7080;-0.1891;-0.0371;0.9704;0.989
6.7090;-0.2089;-0.0445;0.9921;1.015
6.7480;-0.1823;-0.0296;0.9689;0.986
6.7500;-0.1537;-0.0010;0.9714;0.983
6.7510;-0.1397;0.0044;0.9738;0.984
6.7530;-0.1026;0.0073;0.9264;0.932
6.7940;-0.1493;-0.0144;0.9743;0.986
6.7960;-0.1524;-0.0437;0.9494;0.963
6.7970;-0.1410;-0.0498;0.9245;0.936
6.7990;-0.1659;-0.0428;0.9640;0.979
6.8010;-0.1358;-0.0354;0.9323;0.943
6.8140;-0.1493;-0.0205;0.9733;0.985
6.8160;-0.1742;-0.0107;1.0046;1.020
6.8180;-0.1700;0.0078;0.9758;0.990
6.8190;-0.1888;0.0247;0.9704;0.989
6.8210;-0.1813;0.0257;0.9640;0.981
6.8590;-0.1622;0.0318;0.9675;0.981
6.8710;-0.1610;-0.0073;0.9848;0.998
6.8730;-0.1441;-0.0281;0.9762;0.987
6.8750;-0.1537;-0.0330;0.9687;0.981
6.8760;-0.1713;-0.0305;0.9904;1.006
6.8890;-0.1722;-0.0230;0.9753;0.991
6.9260;-0.1888;-0.0337;0.9860;1.005
6.9280;-0.1766;-0.0362;0.9809;0.997
6.9400;-0.1901;-0.0403;0.9846;1.004
6.9420;-0.1950;-0.0264;1.0068;1.026
6.9430;-0.1901;-0.0203;1.0124;1.030
6.9450;-0.2013;0.0017;0.9892;1.009
6.9460;-0.1788;0.0181;0.9279;0.945
6.9600;-0.1498;0.0164;0.9420;0.954
7.0030;-0.1305;0.0225;0.9728;0.982
7.0070;-0.1454;-0.0042;1.0092;1.020
7.0370;-0.1586;-0.0291;1.0341;1.047
7.0410;-0.1783;-0.0359;0.9836;1.000
7.0450;-0.1664;-0.0362;0.9508;0.966
7.0460;-0.1805;-0.0166;0.9755;0.992
7.0480;-0.1964;0.0012;1.0117;1.031
7.0860;-0.1642;-0.0022;1.0195;1.033
7.0880;-0.2113;-0.0164;1.0190;1.041
7.0890;-0.2108;-0.0418;1.0002;1.023
7.1040;-0.1647;-0.0291;0.9799;0.994
7.1060;-0.1903;-0.0330;0.9824;1.001
7.1070;-0.1683;-0.0327;0.9753;0.990
7.1090;-0.1449;-0.0254;0.9912;1.002
7.1230;-0.1610;-0.0472;0.9838;0.998
7.1250;-0.1622;-0.0386;0.9995;1.013
7.1660;-0.1634;-0.0300;1.0151;1.029
7.1800;-0.1764;-0.0127;1.0109;1.026
7.5840;-0.1774;-0.0115;0.9970;1.013
7.5880;-0.1695;-0.0027;0.9657;0.981
7.5910;-0.1642;-0.0100;0.9824;0.996
7.6060;-0.1832;-0.0337;0.9438;0.962
7.6080;-0.2204;-0.0503;0.9396;0.966
7.6090;-0.2179;-0.0533;0.9907;1.016
7.6110;-0.2130;-0.0401;0.9938;1.017
7.6120;-0.1972;-0.0259;1.0075;1.027
7.6140;-0.1600;-0.0300;1.0361;1.049
7.6150;-0.1625;-0.0479;1.0095;1.024
7.6170;-0.1891;-0.0269;0.9750;0.994
7.6190;-0.1578;-0.0508;0.9999;1.014
7.6210;-0.1478;-0.0564;1.0100;1.022
7.6220;-0.1754;-0.0572;0.9970;1.014
7.6250;-0.1566;-0.0572;1.0061;1.020
7.6260;-0.1720;-0.0127;0.9973;1.012
7.6280;-0.1837;-0.0100;0.9787;0.996
7.6290;-0.1891;0.0193;0.9865;1.005
7.6310;-0.2167;0.0090;0.9802;1.004
7.6320;-0.2108;-0.0300;0.9811;1.004
7.6330;-0.2086;-0.0274;0.9919;1.014
7.6350;-0.2094;-0.0230;0.9885;1.011
7.6360;-0.1622;-0.0205;0.9936;1.007
7.6380;-0.1485;0.0107;0.9914;1.003
7.6390;-0.1590;0.0117;0.9843;0.997
7.6400;-0.1424;-0.0327;0.9547;0.966
7.6420;-0.1737;-0.0752;0.9166;0.936
7.6430;-0.1876;-0.0858;0.9298;0.952
7.6470;-0.1732;-0.0489;0.9508;0.968
7.6480;-0.1517;0.0002;1.0051;1.016
7.6500;-0.1586;0.0437;1.0603;1.073
7.6530;-0.1827;0.0552;1.0642;1.081
7.6550;-0.1984;0.0012;1.0102;1.030
7.6570;-0.2128;0.0220;1.0293;1.051
7.6580;-0.1989;0.0484;1.0473;1.067
7.6590;-0.1862;0.0183;0.9933;1.011
7.6600;-0.1722;0.0374;1.0456;1.060
7.6620;-0.1595;-0.0183;1.0249;1.037
7.6630;-0.1695;-0.0584;0.9697;0.986
7.6650;-0.1654;-0.0511;1.0217;1.036
7.6660;-0.1752;-0.0445;1.0224;1.038
7.6680;-0.1647;-0.0467;0.9936;1.008
7.6700;-0.1671;-0.0208;1.0192;1.033
7.6710;-0.1825;0.0142;1.0097;1.026
7.6730;-0.1796;0.0090;0.9907;1.007
7.6740;-0.1969;0.0127;1.0012;1.020
7.6750;-0.1771;-0.0213;0.9936;1.009
7.7140;-0.1791;-0.0520;0.9775;0.995
7.7160;-0.1994;-0.0428;0.9709;0.992
7.7170;-0.2074;-0.0161;0.9980;1.019
7.7190;-0.2309;-0.0198;0.9811;1.008
7.7210;-0.2326;-0.0266;0.9728;1.001
7.7220;-0.2277;-0.0296;0.9811;1.008
7.7240;-0.2301;-0.0083;0.9660;0.993
7.7620;-0.2187;0.0371;0.9929;1.017
7.7630;-0.1898;0.0037;0.9985;1.016
7.7650;-0.1676;-0.0337;0.9875;1.002
7.7670;-0.1664;-0.0975;0.9594;0.979
7.8060;-0.1617;-0.1175;0.9804;1.001
7.8090;-0.1744;-0.0586;1.0227;1.039
7.8110;-0.1774;-0.0147;1.0002;1.016
7.8130;-0.1681;-0.0010;1.0398;1.053
7.8150;-0.1622;-0.0310;1.0302;1.043
7.8300;-0.1793;-0.0379;0.9880;1.005
7.8320;-0.1827;-0.0581;1.0266;1.044
7.8340;-0.1823;-0.0633;1.0100;1.028
7.8360;-0.1937;-0.0276;0.9987;1.018
7.8370;-0.1627;-0.0286;0.9797;0.993
7.8740;-0.1551;-0.0012;0.9445;0.957
7.8760;-0.1630;0.0086;0.9662;0.980
7.8910;-0.1588;-0.0225;0.9826;0.996
7.8930;-0.1832;-0.0381;0.9960;1.013
7.9050;-0.1952;-0.0489;1.0239;1.043
7.9070;-0.1820;-0.0528;0.9709;0.989
7.9430;-0.1810;-0.0332;0.9762;0.993
7.9560;-0.1710;-0.0156;1.0251;1.039
7.9580;-0.1754;-0.0193;1.0266;1.042
7.9590;-0.1695;-0.0271;1.0334;1.048
7.9610;-0.1515;-0.0584;0.9819;0.995
7.9620;-0.1564;-0.0396;0.9692;0.982
7.9750;-0.1593;-0.0044;0.9894;1.002
7.9770;-0.1749;0.0208;1.0114;1.027
7.9910;-0.1891;0.0237;1.0229;1.041
7.9950;-0.1803;-0.0235;0.9955;1.012
8.0340;-0.1559;-0.0564;0.9714;0.985
8.0680;-0.1622;-0.0523;0.9846;0.999
8.0720;-0.1700;-0.0259;1.0083;1.023
8.0760;-0.1691;-0.0154;1.0048;1.019
8.0820;-0.1857;-0.0264;1.0207;1.038
8.0860;-0.1788;-0.0496;1.0161;1.033
8.1030;-0.1815;-0.0366;1.0070;1.024
8.1060;-0.1742;-0.0354;1.0061;1.022
8.1070;-0.1649;-0.0269;0.9826;0.997
8.1090;-0.1791;-0.0137;0.9904;1.007
8.1100;-0.1837;-0.0366;1.0026;1.020
8.1230;-0.1884;-0.0396;0.9907;1.009
8.1250;-0.2057;-0.0266;1.0268;1.048
8.1650;-0.1996;-0.0183;1.0317;1.051
8.1790;-0.2006;-0.0066;1.0141;1.034
8.1810;-0.1896;-0.0188;1.0170;1.035
8.5990;-0.1659;-0.0469;0.9719;0.987
8.6030;-0.1732;-0.0193;0.9482;0.964
8.6430;-0.1735;-0.0210;0.9552;0.971
8.6460;-0.2045;0.0088;0.9850;1.006
8.6470;-0.2060;-0.0073;1.0048;1.026
8.6480;-0.1871;-0.0498;0.9809;1.000
8.6500;-0.1683;-0.0665;0.9486;0.966
8.6520;-0.1542;-0.0594;0.9657;0.980
8.6540;-0.1695;-0.0064;0.9929;1.007
8.6560;-0.1774;-0.0117;0.9836;1.000
8.6570;-0.1813;0.0022;1.0385;1.054
8.6590;-0.1805;-0.0076;1.0442;1.060
8.6610;-0.1862;-0.0173;1.0075;1.025
8.6650;-0.1813;-0.0137;1.0505;1.066
8.6660;-0.1803;-0.0293;1.0293;1.045
8.6680;-0.2018;-0.0298;0.9904;1.011
8.6690;-0.1901;-0.0044;0.9736;0.992
8.6710;-0.1857;0.0366;0.9357;0.955
8.6730;-0.1827;0.0327;0.9638;0.982
8.6740;-0.1652;0.0032;0.9587;0.973
8.6750;-0.1744;-0.0523;0.9738;0.991
8.6770;-0.1781;-0.0836;0.9799;0.999
8.6810;-0.1803;-0.0699;0.9201;0.940
8.6830;-0.1827;-0.0318;0.9428;0.961
8.6840;-0.1583;-0.0188;0.9428;0.956
8.6860;-0.1395;-0.0300;0.9518;0.962
8.6870;-0.1319;-0.0315;0.9794;0.989
8.6890;-0.1385;-0.0371;0.9877;0.998
8.6900;-0.1720;-0.0176;1.0188;1.033
8.6920;-0.1813;-0.0215;1.0068;1.023
8.6940;-0.1954;-0.0027;1.0244;1.043
8.6950;-0.1874;0.0064;1.0295;1.046
8.6970;-0.1683;0.0046;0.9968;1.011
8.6980;-0.1735;0.0264;1.0070;1.022
8.6990;-0.1603;-0.0024;0.9914;1.004
8.7010;-0.1500;-0.0303;0.9589;0.971
8.7020;-0.1507;-0.0474;0.9643;0.977
8.7040;-0.1647;-0.0476;0.9897;1.004
8.7050;-0.1647;-0.0398;0.9804;0.995
8.7070;-0.1617;-0.0330;0.9880;1.002
8.7080;-0.1647;-0.0454;0.9960;1.011
8.7100;-0.1666;-0.0213;0.9933;1.007
8.7120;-0.1847;0.0129;1.0031;1.020
8.7130;-0.1781;0.0120;0.9836;1.000
8.7150;-0.1656;0.0303;0.9635;0.978
8.7170;-0.1644;-0.0071;0.9855;0.999
8.7190;-0.1495;-0.0428;0.9516;0.964
8.7200;-0.1593;-0.0432;0.9469;0.961
8.7640;-0.1796;-0.0315;0.9787;0.996
8.7660;-0.1632;-0.0183;0.9494;0.963
8.7680;-0.1605;-0.0068;0.9760;0.989
8.7690;-0.1761;-0.0232;0.9870;1.003
8.7710;-0.1823;-0.0093;0.9767;0.994
8.7730;-0.2016;0.0054;0.9762;0.997
8.7740;-0.1901;0.0171;0.9750;0.994
8.7750;-0.1801;-0.0103;0.9985;1.015
8.7770;-0.1691;-0.0801;1.0068;1.024
8.8160;-0.1688;-0.1038;0.9995;1.019
8.8180;-0.1994;-0.1246;0.9929;1.020
8.8190;-0.2011;-0.0550;0.9975;1.019
8.8210;-0.1928;-0.0239;0.9714;0.991
8.8580;-0.1820;-0.0220;0.9755;0.993
8.8600;-0.1686;-0.0095;0.9921;1.006
8.8620;-0.1642;-0.0205;0.9885;1.002
8.8630;-0.1708;-0.0151;1.0002;1.015
8.8650;-0.1649;0.0095;0.9694;0.983
8.9020;-0.1617;0.0237;0.9262;0.940
8.9040;-0.1630;0.0305;0.9709;0.985
8.9050;-0.1669;0.0227;0.9616;0.976
8.9090;-0.1683;-0.0095;0.9626;0.977
8.9230;-0.1698;-0.0418;0.9635;0.979
8.9240;-0.1717;-0.0559;0.9098;0.928
8.9260;-0.1857;-0.0242;0.9513;0.970
8.9380;-0.2062;-0.0044;1.0105;1.031
8.9400;-0.1989;0.0127;1.0361;1.055
8.9410;-0.1879;-0.0115;1.0207;1.038
8.9450;-0.1612;-0.0447;0.9794;0.994
8.9830;-0.1659;-0.0129;1.0068;1.020
8.9950;-0.1542;-0.0525;0.9433;0.957
9.0000;-0.1412;-0.0616;0.8876;0.901
9.0020;-0.1510;-0.0134;0.9389;0.951
9.0030;-0.1295;-0.0303;0.9215;0.931
9.0150;-0.1532;0.0161;0.9946;1.006
9.0530;-0.1864;0.0249;1.0588;1.075
9.0540;-0.1969;-0.0235;1.0161;1.035
9.0670;-0.2028;-0.0491;0.9853;1.007
9.0690;-0.2055;-0.0569;0.9662;0.989
9.0820;-0.1969;-0.0493;0.9794;1.000
9.0830;-0.1867;-0.0191;0.9995;1.017
9.0960;-0.1673;-0.0437;0.9506;0.966
9.1120;-0.1502;-0.0755;0.9240;0.939
9.1510;-0.1615;-0.0611;0.9284;0.944
9.1670;-0.1744;-0.0694;0.9259;0.945
9.1690;-0.1823;-0.0540;0.9452;0.964
9.1700;-0.1957;-0.0183;0.9963;1.015
9.1830;-0.1825;-0.0066;0.9929;1.010
9.1840;-0.1779;0.0208;0.9841;1.000
9.1980;-0.1776;-0.0110;1.0332;1.048
9.2120;-0.1717;-0.0630;1.0505;1.066
9.2140;-0.1730;-0.0814;1.0021;1.020
9.7070;-0.1681;-0.0906;1.0337;1.051
9.7090;-0.1776;-0.0322;1.0425;1.058
9.7100;-0.1832;-0.0024;0.9965;1.013
9.7110;-0.1818;-0.0064;1.0163;1.032
9.7130;-0.1791;-0.0171;0.9843;1.001
9.7150;-0.1759;-0.0315;0.9569;0.973
9.7170;-0.1766;-0.0173;0.9843;1.000
9.7190;-0.1798;-0.0171;0.9970;1.013
9.7200;-0.1786;0.0068;0.9684;0.985
9.7220;-0.1779;0.0344;0.9352;0.953
9.7230;-0.1644;0.0093;0.9653;0.979
9.7250;-0.1759;0.0064;0.9572;0.973
9.7260;-0.1906;-0.0381;0.9677;0.987
9.7280;-0.1781;-0.0770;0.9850;1.004
9.7290;-0.1783;-0.0630;0.9391;0.958
9.7310;-0.1678;-0.0586;0.9601;0.976
9.7320;-0.1485;-0.0371;0.9855;0.997
9.7340;-0.1564;-0.0213;1.0041;1.016
9.7360;-0.1793;0.0232;1.0447;1.060
9.7370;-0.1974;0.0166;1.0126;1.032
9.7380;-0.2243;-0.0071;0.9762;1.002
9.7400;-0.2121;-0.0621;0.8668;0.895
9.7410;-0.2025;-0.0613;0.9850;1.008
9.7460;-0.1813;-0.0083;1.1617;1.176
9.7500;-0.1527;0.0071;1.0999;1.110
9.7530;-0.1529;0.0655;1.2489;1.260
9.7560;-0.1522;-0.0882;0.9824;0.998
9.7580;-0.1744;-0.0960;0.9435;0.964
9.7610;-0.1747;-0.0591;0.9780;0.995
9.7620;-0.1744;-0.0112;1.0148;1.030
9.7660;-0.1893;-0.0039;1.0393;1.056
9.7730;-0.1827;-0.0129;1.0461;1.062
9.7770;-0.1803;-0.0078;1.0527;1.068
9.7800;-0.1505;-0.0669;0.9337;0.948
9.7890;-0.1268;-0.1060;0.8104;0.827
9.7970;-0.1524;-0.0682;0.9120;0.927
9.8000;-0.1739;-0.0445;1.0139;1.030
9.8040;-0.1910;-0.0147;1.0483;1.066
9.8100;-0.2245;0.0577;1.1768;1.199
9.8190;-0.2086;0.0530;1.0803;1.102
9.8250;-0.1749;0.0279;0.9591;0.975
9.8400;-0.1649;-0.0132;1.0254;1.039
9.8420;-0.1385;-0.0967;0.9975;1.012
9.8450;-0.1417;-0.1073;0.9758;0.992
9.8490;-0.1549;-0.1051;0.9765;0.994
9.8510;-0.1766;-0.0398;0.9804;0.997
9.8530;-0.1884;0.0068;0.9846;1.002
9.8550;-0.1688;-0.0076;0.9846;0.999
9.8570;-0.1571;-0.0142;0.9868;0.999
9.8590;-0.1576;-0.0396;0.9941;1.007
9.8610;-0.1681;-0.0464;1.0012;1.016
9.8630;-0.1798;-0.0271;0.9653;0.982
9.8660;-0.1774;-0.0286;1.0078;1.024
9.8670;-0.1627;-0.0112;1.0451;1.058
9.8690;-0.1480;0.0010;1.0188;1.029
9.8710;-0.1363;-0.0352;1.0400;1.049
9.8720;-0.1388;-0.0506;0.9828;0.994
9.8750;-0.1368;-0.0384;0.9562;0.967
9.8770;-0.1488;-0.0081;0.9999;1.011
9.9210;-0.1583;0.0325;1.0371;1.050
9.9230;-0.1605;0.0027;1.0214;1.034
9.9250;-0.1671;-0.0547;0.9753;0.991
9.9290;-0.1566;-0.0848;0.9164;0.934
9.9310;-0.1459;-0.1075;0.9687;0.985
9.9350;-0.1424;-0.0599;1.0737;1.085
9.9370;-0.1593;-0.0086;1.0004;1.013
9.9800;-0.1520;0.0061;1.1744;1.184
9.9870;-0.1449;0.0134;1.2372;1.246
9.9900;-0.1388;-0.0125;1.0476;1.057
9.9930;-0.1427;-0.0178;1.2259;1.234
9.9950;-0.1739;-0.0269;1.1631;1.176
10.0120;-0.1708;-0.0129;0.9955;1.010
10.0170;-0.1827;0.0098;1.1563;1.171
10.0200;-0.1644;0.0083;1.1275;1.139
10.0230;-0.1502;-0.0220;0.9697;0.981
10.0270;-0.1705;-0.0752;0.9166;0.935
10.0290;-0.1747;-0.0701;0.9504;0.969
10.1030;-0.1803;-0.0777;0.8402;0.863
10.1070;-0.1818;-0.0564;0.8590;0.880
10.1080;-0.1788;-0.0037;0.9782;0.994
10.1100;-0.1581;-0.0459;0.8905;0.906
10.1250;-0.1358;-0.0755;0.9467;0.959
10.1270;-0.1532;-0.0559;1.0092;1.022
10.1300;-0.1373;-0.0840;0.9738;0.987
10.1310;-0.1393;-0.0511;0.9826;0.994
10.1330;-0.1622;-0.0149;0.9745;0.988
10.1350;-0.1456;-0.0279;0.9601;0.972
10.1360;-0.1556;-0.0472;0.9745;0.988
10.1380;-0.1793;-0.0093;0.9362;0.953
10.1800;-0.1820;0.0254;0.9147;0.933
10.2260;-0.1722;0.0242;0.9848;1.000
10.2270;-0.1632;0.0225;0.8942;0.909
10.2310;-0.1405;-0.0364;0.8563;0.869
10.2320;-0.1422;-0.0691;0.9420;0.955
10.2340;-0.1456;-0.0376;0.9320;0.944
10.2480;-0.1593;0.0169;1.0515;1.064
10.2500;-0.1864;0.0054;0.9872;1.005
10.2520;-0.1630;0.0125;1.0803;1.093
10.2560;-0.1502;-0.0088;1.1776;1.187
10.2590;-0.1703;-0.0244;1.0527;1.067
10.6220;-0.1769;0.0259;1.1116;1.126
10.6240;-0.1666;0.0156;1.0412;1.055
10.6280;-0.1906;-0.0098;0.8424;0.864
10.6320;-0.1818;-0.0408;0.8656;0.885
10.6350;-0.1576;-0.0432;0.9999;1.013
10.6360;-0.1862;-0.0410;0.9096;0.929
10.6380;-0.1805;-0.0237;0.9477;0.965
10.6390;-0.1649;-0.0203;0.9743;0.988
10.6410;-0.1803;-0.0315;0.9797;0.997
10.6430;-0.1823;-0.0425;0.9591;0.977
10.6490;-0.1554;-0.0259;0.9821;0.995
10.6510;-0.1385;0.0046;1.0166;1.026
10.6520;-0.1434;-0.0117;0.9574;0.968
10.6550;-0.1520;-0.0171;0.9973;1.009
10.6560;-0.1681;-0.0271;1.0056;1.020
10.6580;-0.2135;-0.0479;0.9977;1.021
10.6590;-0.2216;-0.0357;0.9936;1.019
10.6610;-0.1918;-0.0403;1.0073;1.026
10.6620;-0.2116;-0.0257;0.9579;0.981
10.6650;-0.2020;-0.0002;0.9247;0.947
10.6660;-0.1769;0.0200;0.9965;1.012
10.6680;-0.1935;0.0344;0.9012;0.922
10.6710;-0.1818;0.0066;0.8570;0.876
10.6750;-0.1564;-0.0303;0.9394;0.953
10.6760;-0.1466;-0.0621;0.9166;0.930
10.6780;-0.1498;-0.0384;1.0346;1.046
10.6790;-0.1324;-0.0469;0.9618;0.972
10.6830;-0.1287;-0.0464;0.7625;0.775
10.6870;-0.1407;-0.0249;0.8839;0.895
10.6900;-0.1446;-0.0486;0.7297;0.746
10.6950;-0.1691;-0.0401;0.7664;0.786
10.6970;-0.1600;-0.0291;1.0073;1.020
10.7010;-0.1691;-0.0257;0.8206;0.838
10.7030;-0.1693;-0.0098;0.9181;0.934
10.7050;-0.1649;0.0117;1.0564;1.069
10.7070;-0.1886;-0.0103;0.9460;0.965
10.7080;-0.1786;-0.0457;0.9423;0.960
10.8580;-0.1539;-0.0503;0.9853;0.999
10.8610;-0.1339;-0.0606;0.9875;0.998
10.8670;-0.1524;-0.0577;1.0087;1.022
10.8690;-0.1647;-0.0139;1.0217;1.035
10.8720;-0.1915;-0.0010;0.9880;1.006
10.8750;-0.1957;-0.0244;0.9833;1.003
10.8780;-0.1864;-0.0061;0.9438;0.962
10.8800;-0.1835;-0.0286;0.9125;0.931
10.8840;-0.1886;-0.0357;0.9633;0.982
10.8850;-0.1884;-0.0169;0.9516;0.970
10.8870;-0.1683;-0.0120;1.0002;1.014
10.8890;-0.1688;-0.0044;0.9616;0.976
10.9280;-0.1612;-0.0122;0.8409;0.856
10.9300;-0.1991;-0.0081;0.9161;0.938
10.9320;-0.1962;-0.0193;0.8626;0.885
10.9360;-0.1727;-0.0332;0.8964;0.913
10.9380;-0.1715;-0.0059;1.0144;1.029
10.9400;-0.1727;0.0049;0.9709;0.986
10.9420;-0.2147;0.0310;1.0561;1.078
10.9430;-0.2035;-0.0083;0.9425;0.964
10.9450;-0.2118;-0.0159;1.0618;1.083
10.9490;-0.2003;-0.0083;1.1800;1.197
10.9510;-0.1637;-0.0059;1.0319;1.045
10.9540;-0.1979;0.0100;1.2381;1.254
10.9580;-0.1903;-0.0472;1.1272;1.144
10.9600;-0.1810;-0.0665;0.9362;0.956
10.9610;-0.1969;-0.0806;1.0114;1.034
10.9630;-0.2045;-0.0344;1.0241;1.045
11.0090;-0.1866;-0.0232;0.9235;0.942
11.0110;-0.1705;-0.0498;0.9030;0.920
11.0130;-0.1732;-0.0491;0.9970;1.013
11.0170;-0.1666;-0.0623;0.8824;0.900
11.0200;-0.1854;-0.0406;0.8812;0.901
11.0220;-0.1928;0.0122;0.9733;0.992
11.0240;-0.1715;-0.0110;0.8868;0.903
11.0270;-0.1502;-0.0286;0.9161;0.929
11.0750;-0.1529;-0.0371;0.9758;0.988
11.0770;-0.1671;-0.0767;0.9420;0.960
11.0820;-0.1744;-0.0479;0.9677;0.984
11.0830;-0.1945;-0.0430;1.0090;1.028
11.0850;-0.1906;-0.0472;1.0200;1.039
11.0860;-0.2023;-0.0173;0.9609;0.982
11.0880;-0.1891;-0.0254;1.0412;1.059
11.1330;-0.1632;-0.0095;1.1060;1.118
11.1370;-0.1527;-0.0166;0.9955;1.007
11.1400;-0.1339;-0.0327;1.1160;1.124
11.1480;-0.1566;-0.0308;1.1016;1.113
11.1500;-0.1869;-0.0269;1.0586;1.075
11.1920;-0.1559;-0.0037;1.0488;1.060
11.1950;-0.1175;-0.0054;0.8783;0.886
11.1980;-0.1419;0.0051;0.8942;0.905
11.2000;-0.1588;0.0137;0.9386;0.952
11.2010;-0.1703;-0.0068;1.0095;1.024
11.2040;-0.2016;-0.0127;1.1456;1.163
11.2230;-0.1700;-0.0308;1.0952;1.109
11.2250;-0.1630;-0.0432;0.9999;1.014
11.2290;-0.1676;-0.0178;1.0940;1.107
11.2330;-0.1524;-0.0071;1.1228;1.133
11.2350;-0.1666;-0.0034;0.9990;1.013
11.2370;-0.1466;-0.0083;1.0994;1.109
11.2400;-0.1661;-0.0183;1.1260;1.138
11.2850;-0.1888;-0.0059;1.0266;1.044
11.2870;-0.1823;0.0137;1.0798;1.095
11.6810;-0.1485;0.0100;0.9848;0.996
11.7230;-0.1825;0.0115;0.9127;0.931
11.7250;-0.2133;-0.0095;0.9667;0.990
11.7260;-0.1898;-0.0359;0.9916;1.010
11.7280;-0.2182;-0.0327;0.9843;1.009
11.7290;-0.1788;-0.0347;0.9540;0.971
11.7310;-0.1676;-0.0247;0.9762;0.991
11.7320;-0.1676;-0.0081;0.9420;0.957
11.7350;-0.1527;0.0051;0.9091;0.922
11.7370;-0.1678;0.0049;0.9394;0.954
11.7380;-0.1390;-0.0093;0.8446;0.856
11.7420;-0.1532;-0.0247;0.8353;0.850
11.7460;-0.1666;-0.0213;0.9958;1.010
11.7500;-0.1500;-0.0044;1.0930;1.103
11.7510;-0.1727;-0.0056;1.0114;1.026
11.7530;-0.1649;0.0020;1.1881;1.199
11.7580;-0.1578;-0.0093;1.1949;1.205
11.7600;-0.1749;-0.0193;1.0232;1.038
11.7640;-0.1219;-0.0332;1.1824;1.189
11.7680;-0.0994;-0.0559;1.0835;1.089
11.7720;-0.1517;-0.0474;0.9682;0.981
11.7730;-0.1094;-0.0415;1.0815;1.088
11.7770;-0.1138;-0.0117;1.1153;1.121
11.7790;-0.1517;-0.0042;0.9907;1.002
11.7820;-0.1148;-0.0279;0.8824;0.890
11.7830;-0.1542;-0.0330;0.9364;0.950
11.7870;-0.1947;-0.0259;0.8302;0.853
11.7900;-0.2018;0.0034;0.8822;0.905
11.7920;-0.1810;-0.0029;1.0190;1.035
11.7960;-0.1845;-0.0042;0.8824;0.902
11.8000;-0.1867;-0.0176;0.9061;0.925
11.8020;-0.1722;-0.0166;0.9926;1.008
11.8040;-0.1864;-0.0129;0.9533;0.971
11.8060;-0.1705;-0.0315;0.9750;0.990
11.8070;-0.1761;-0.0193;0.9657;0.982
11.8080;-0.1781;-0.0296;1.0246;1.040
11.8100;-0.1793;-0.0068;1.1245;1.139
11.8120;-0.1615;0.0115;1.0061;1.019
11.8130;-0.1222;-0.0010;0.9186;0.927
11.8150;-0.1331;0.0227;0.9513;0.961
11.8190;-0.1327;-0.0161;0.7771;0.789
11.8240;-0.1512;-0.0506;0.8214;0.837
11.8250;-0.1524;-0.0493;0.9308;0.944
11.8290;-0.1595;-0.1021;0.8126;0.834
11.8330;-0.1781;-0.0923;0.9012;0.923
11.8610;-0.1695;-0.0733;0.9606;0.978
11.8640;-0.1974;-0.0515;1.0439;1.064
11.8690;-0.1893;-0.0039;1.1038;1.120
11.8720;-0.1622;0.0193;1.0493;1.062
11.8730;-0.1622;0.0332;1.0241;1.037
11.8750;-0.1757;0.0015;0.9565;0.972
11.8760;-0.1808;-0.0210;0.9389;0.956
11.8780;-0.2050;-0.0191;1.0356;1.056
11.8790;-0.2001;-0.0059;1.0254;1.045
11.8810;-0.1791;-0.0090;1.0549;1.070
11.8830;-0.1664;-0.0215;1.0344;1.048
11.8850;-0.1586;-0.0169;0.9584;0.972
11.8870;-0.1551;-0.0540;1.0359;1.049
11.8880;-0.1353;-0.0674;1.0268;1.038
11.8890;-0.1346;-0.0708;1.0083;1.020
11.9300;-0.1801;-0.0657;0.9929;1.011
11.9330;-0.2502;-0.0300;0.9311;0.965
11.9350;-0.2678;-0.0022;0.9936;1.029
11.9410;-0.2663;0.0156;1.0657;1.099
11.9430;-0.1857;0.0164;1.0249;1.042
11.9960;-0.1397;0.0354;1.1695;1.178
12.0020;-0.1463;0.0623;1.1898;1.200
12.0040;-0.1551;0.0359;0.9528;0.966
12.0060;-0.2135;0.0291;1.1492;1.169
12.0090;-0.2372;0.0039;1.1602;1.184
12.0130;-0.2047;-0.0054;1.0437;1.064
12.0530;-0.1830;-0.0286;1.1258;1.141
12.0550;-0.1397;-0.0799;0.9396;0.953
12.0590;-0.1051;-0.0706;0.8057;0.816
12.0640;-0.1266;-0.0772;0.7994;0.813
12.0660;-0.1639;-0.0235;0.9679;0.982
12.0680;-0.1649;0.0173;0.9452;0.960
12.0710;-0.1573;-0.0024;0.8702;0.884
12.0880;-0.1676;-0.0283;0.9618;0.977
12.0910;-0.1424;-0.0286;0.8133;0.826
12.0970;-0.1537;-0.0159;0.8560;0.870
12.0980;-0.1571;0.0029;1.0148;1.027
12.1030;-0.1461;0.0181;0.8983;0.910
12.1470;-0.1417;0.0144;0.9056;0.917
12.1480;-0.1461;0.0056;0.9965;1.007
12.1500;-0.1769;0.0024;0.8724;0.890
12.1670;-0.2042;0.0090;0.8570;0.881
12.1690;-0.2101;0.0024;0.9611;0.984
12.1700;-0.2072;0.0010;0.9816;1.003
12.1710;-0.1691;0.0149;1.0048;1.019
12.1750;-0.1695;-0.0110;1.1326;1.145
12.2160;-0.1915;-0.0237;1.1409;1.157
12.2210;-0.1654;-0.0203;0.9318;0.947
12.2220;-0.1918;-0.0484;1.0925;1.110
12.2370;-0.1796;-0.0366;1.1487;1.163
12.2390;-0.1598;-0.0388;0.9943;1.008
12.2420;-0.1972;-0.0166;1.2166;1.233
12.2480;-0.1986;0.0100;1.1653;1.182
12.2500;-0.2094;-0.0017;1.0276;1.049
12.2660;-0.1935;-0.0173;1.1245;1.141
12.5980;-0.1686;-0.0735;1.0622;1.078
12.7640;-0.1639;-0.0264;0.9719;0.986
12.7660;-0.1500;0.0591;0.9679;0.981
12.7670;-0.1627;0.0816;0.9762;0.993
12.7710;-0.1818;0.0967;0.9247;0.947
12.7750;-0.1805;0.0086;0.9012;0.919
12.7770;-0.1683;-0.0694;0.9154;0.933
12.7780;-0.2096;-0.0332;0.9115;0.936
12.7800;-0.2446;0.0103;0.9675;0.998
12.7850;-0.2111;0.0486;1.0410;1.063
12.7860;-0.2055;0.0276;0.9496;0.972
12.7890;-0.1539;-0.0266;0.8399;0.854
12.7910;-0.1371;-0.0423;0.9797;0.990
12.7920;-0.1886;-0.0528;1.1018;1.119
12.7940;-0.2081;-0.0012;1.0371;1.058
12.7970;-0.1884;0.0222;1.2508;1.265
12.8020;-0.1339;0.0071;1.2152;1.223
12.8050;-0.1090;-0.0364;1.0012;1.008
12.8080;-0.1234;-0.0530;1.2213;1.229
12.8110;-0.1771;-0.0415;1.1629;1.177
12.8130;-0.2011;-0.0332;1.0383;1.058
12.8160;-0.1984;0.0017;1.1104;1.128
12.8200;-0.1715;-0.0032;1.0625;1.076
12.8210;-0.1705;0.0076;0.9914;1.006
12.8230;-0.1478;-0.0198;0.9953;1.006
12.8240;-0.1222;-0.0454;0.9809;0.990
12.8260;-0.1185;-0.0452;0.9369;0.945
12.8270;-0.0889;-0.0606;0.9161;0.922
12.8290;-0.1336;-0.0366;0.9670;0.977
12.8300;-0.1923;-0.0002;0.9430;0.962
12.8310;-0.2289;0.0103;0.9486;0.976
12.8330;-0.2101;0.0073;1.0249;1.046
12.8360;-0.1786;0.0034;0.8746;0.893
12.8390;-0.1331;-0.0129;0.7991;0.810
12.8410;-0.1331;-0.0371;0.9572;0.967
12.8440;-0.1449;-0.0344;0.7737;0.788
12.8490;-0.1466;-0.0288;0.7363;0.751
12.8510;-0.1441;-0.0340;0.9359;0.948
12.8660;-0.0963;-0.0313;0.9020;0.908
12.8700;-0.1280;-0.0445;1.0036;1.013
12.8710;-0.1361;-0.0493;1.1729;1.182
12.8740;-0.1483;-0.0435;1.1052;1.116
12.8760;-0.1847;-0.0491;1.0056;1.024
12.8770;-0.1774;-0.0547;1.0771;1.093
12.8800;-0.1937;-0.0687;1.0811;1.100
12.8820;-0.1915;-0.0362;1.0539;1.072
12.8840;-0.1666;-0.0315;1.0515;1.065
12.8860;-0.1495;-0.0244;1.0131;1.024
12.8870;-0.1410;0.0032;0.9806;0.991
12.8890;-0.1454;-0.0205;0.9931;1.004
12.8900;-0.1483;-0.0049;1.0129;1.024
12.8910;-0.1576;-0.0034;0.9618;0.975
12.8930;-0.1583;-0.0225;0.9049;0.919
12.8980;-0.1749;-0.0457;0.8861;0.904
12.8990;-0.1747;-0.0222;0.9609;0.977
12.9010;-0.1681;0.0154;1.1065;1.119
12.9020;-0.1742;0.0122;1.0288;1.043
12.9030;-0.1546;0.0235;1.1087;1.120
12.9080;-0.1520;-0.0120;1.0950;1.106
12.9100;-0.1673;-0.0486;1.0019;1.017
12.9130;-0.1534;-0.0318;1.1548;1.165
12.9160;-0.1549;-0.0203;1.0982;1.109
12.9590;-0.1520;-0.0193;1.0425;1.054
12.9610;-0.1309;-0.0171;1.0662;1.074
12.9620;-0.1485;-0.0274;1.0119;1.023
12.9640;-0.1441;-0.0022;1.0058;1.016
12.9650;-0.1441;0.0335;0.9987;1.010
12.9670;-0.1468;0.0132;0.9540;0.965
13.0100;-0.1478;0.0051;0.9726;0.984
13.0110;-0.1708;-0.0384;0.9430;0.959
13.0130;-0.1752;-0.0821;0.9606;0.980
13.0160;-0.2062;-0.0498;0.9181;0.942
13.0180;-0.2169;-0.0300;0.8675;0.895
13.0340;-0.2130;-0.0364;0.9452;0.970
13.0360;-0.1981;0.0090;0.9425;0.963
13.0370;-0.1539;0.0344;1.0376;1.049
13.0380;-0.1549;0.0408;0.9711;0.984
13.0420;-0.1705;0.0733;0.7764;0.798
13.0900;-0.1845;0.0300;0.8221;0.843
13.0950;-0.2128;-0.0061;0.7898;0.818
13.0980;-0.1959;-0.0232;0.9191;0.940
13.1140;-0.1429;-0.0225;1.0610;1.071
13.1160;-0.1473;-0.0232;0.9758;0.987
13.1180;-0.1373;-0.0310;0.9684;0.979
13.1200;-0.1480;-0.0374;1.0124;1.024
13.1210;-0.1715;-0.0283;0.9694;0.985
13.1590;-0.1688;0.0064;0.9464;0.961
13.1610;-0.1498;0.0203;0.9758;0.987
13.1730;-0.1099;0.0327;0.9538;0.961
13.1750;-0.1190;0.0151;0.9701;0.978
13.1770;-0.1498;-0.0007;1.0117;1.023
13.1780;-0.1969;0.0042;1.0009;1.020
13.1800;-0.2101;-0.0051;0.9723;0.995
13.1920;-0.2174;-0.0066;0.9264;0.952
13.2350;-0.2030;-0.0098;0.8553;0.879
13.2370;-0.1869;-0.0371;0.9618;0.981
13.2490;-0.1678;0.0017;0.8389;0.856
13.2550;-0.1292;0.0296;0.7693;0.781
13.2580;-0.1107;0.0193;0.9215;0.928
13.2770;-0.1104;0.0469;0.7837;0.793
13.5910;-0.1471;0.0225;0.8932;0.905
13.5950;-0.1815;-0.0173;1.0451;1.061
13.5980;-0.1959;-0.0191;0.9753;0.995
13.7650;-0.1808;0.0066;0.9816;0.998
13.7660;-0.2013;-0.0169;0.9359;0.957
13.7700;-0.2240;-0.0249;0.8477;0.877
13.7760;-0.2128;-0.0491;0.8370;0.865
13.7790;-0.2121;-0.0569;0.9044;0.931
13.7810;-0.1757;-0.0156;1.0239;1.039
13.7850;-0.1615;-0.0347;1.0007;1.014
13.7870;-0.1891;0.0264;1.0864;1.103
13.7910;-0.2191;0.0300;1.1302;1.152
13.7920;-0.2064;0.0129;1.0117;1.033
13.7930;-0.1715;0.0562;1.0359;1.051
13.7950;-0.1297;0.0547;1.0483;1.058
13.7980;-0.1380;0.0430;0.7869;0.800
13.8020;-0.1891;0.0520;0.6877;0.715
13.8050;-0.2020;0.0225;0.8683;0.892
13.8090;-0.2343;0.0391;0.7788;0.814
13.8120;-0.2165;0.0660;0.9633;0.990
13.8160;-0.2167;0.0037;1.0752;1.097
13.8190;-0.1529;0.0051;0.8343;0.848
13.8240;-0.0689;-0.0589;0.6887;0.695
13.8280;-0.0963;-0.0901;0.8309;0.841
13.8330;-0.0542;-0.0550;0.7723;0.776
13.8370;-0.1143;-0.0450;0.7867;0.796
13.8390;-0.1691;-0.0266;0.9611;0.976
13.8400;-0.1124;-0.0410;0.8477;0.856
13.8410;-0.1351;-0.0462;0.9543;0.965
13.8430;-0.1695;-0.0164;1.0427;1.057
13.8460;-0.2094;0.0051;0.9711;0.993
13.8470;-0.2130;0.0032;0.9464;0.970
13.8490;-0.1783;0.0330;0.9802;0.997
13.8500;-0.1319;0.0279;1.0319;1.041
13.8510;-0.1620;0.0227;0.9496;0.964
13.8530;-0.1466;0.0281;1.0063;1.017
13.8540;-0.1415;0.0151;1.0581;1.068
13.8550;-0.1771;0.0002;1.0254;1.041
13.8580;-0.1363;-0.0147;1.1267;1.135
13.8750;-0.1688;-0.0222;1.0517;1.065
13.8780;-0.1798;-0.0310;0.9650;0.982
13.8800;-0.1500;-0.0379;0.9628;0.975
13.8810;-0.1556;-0.0337;0.9882;1.001
13.8830;-0.1542;-0.0552;0.9655;0.979
13.8840;-0.1742;-0.0755;0.9545;0.973
13.8860;-0.1681;-0.0699;0.9726;0.989
13.8880;-0.1840;-0.0828;0.9589;0.980
13.8890;-0.2152;-0.0645;0.9838;1.009
13.8910;-0.2260;-0.0169;1.0122;1.037
13.8920;-0.2318;-0.0418;0.9694;0.998
13.8940;-0.1803;-0.0591;0.9308;0.950
13.8950;-0.1664;-0.0232;0.9782;0.993
13.8970;-0.1730;-0.0166;1.0222;1.037
13.8980;-0.2358;0.0073;0.9359;0.965
13.9020;-0.2099;0.0239;0.9868;1.009
13.9030;-0.1463;-0.0127;0.9516;0.963
13.9050;-0.1610;-0.0386;0.9638;0.978
13.9060;-0.0877;-0.0186;1.0776;1.081
13.9100;-0.1031;0.0088;1.0544;1.059
13.9110;-0.1608;0.0090;1.0163;1.029
13.9120;-0.1471;-0.0002;0.9738;0.985
13.9140;-0.1962;-0.0261;1.0019;1.021
13.9580;-0.2189;-0.0611;1.0046;1.030
13.9600;-0.1994;-0.0689;1.0222;1.044
13.9620;-0.1612;-0.0584;0.9880;1.003
13.9630;-0.1901;-0.0613;0.9662;0.987
13.9650;-0.2453;-0.0552;0.9699;1.002
13.9670;-0.2402;0.0002;1.0114;1.040
14.0090;-0.2367;-0.0125;0.9682;0.997
14.0110;-0.1664;-0.0117;0.9125;0.928
14.0130;-0.1468;-0.0024;0.9103;0.922
14.0140;-0.1620;-0.0235;0.8636;0.879
14.0170;-0.1871;0.0042;0.9105;0.930
14.0590;-0.1754;0.0054;0.9340;0.950
14.0610;-0.1705;0.0010;0.9591;0.974
14.0620;-0.1913;-0.0225;0.9909;1.009
14.0640;-0.1935;-0.0173;1.0437;1.062
14.0660;-0.2326;0.0142;1.1199;1.144
14.0850;-0.1901;0.0230;1.0916;1.108
14.0890;-0.1908;-0.0076;1.0600;1.077
14.0900;-0.2101;-0.0667;1.0075;1.031
14.0920;-0.1908;-0.0640;0.9753;0.996
14.0930;-0.1695;-0.0640;0.9816;0.998
14.1330;-0.1051;-0.0247;0.9912;0.997
14.1340;-0.1192;0.0090;0.9740;0.981
14.1360;-0.1317;0.0066;0.9951;1.004
14.1480;-0.1700;0.0266;1.0268;1.041
14.1500;-0.1818;0.0215;1.0002;1.017
14.1510;-0.1285;0.0281;0.9403;0.949
14.1670;-0.1156;0.0090;0.8221;0.830
14.1720;-0.1654;-0.0107;0.8678;0.883
14.2130;-0.2419;-0.0054;0.9719;1.002
14.2170;-0.2463;-0.0183;1.0224;1.052
14.2360;-0.2463;-0.0279;1.1319;1.159
14.2410;-0.1835;-0.0366;1.0774;1.094
14.2420;-0.1160;-0.0310;1.0019;1.009
14.2440;-0.1173;-0.0203;1.0271;1.034
14.2460;-0.1229;-0.0129;0.9933;1.001
14.2580;-0.1605;-0.0259;1.0092;1.022
14.2600;-0.1815;0.0093;0.9675;0.984
14.5250;-0.1923;0.0515;0.9384;0.959
14.6580;-0.1693;0.0298;0.9626;0.978
14.6590;-0.1143;0.0283;0.9372;0.945
14.6600;-0.1278;0.0181;0.9215;0.931
14.6620;-0.1434;-0.0486;1.0398;1.051
14.6650;-0.1928;-0.0513;1.1048;1.123
14.6670;-0.2316;-0.0147;1.0205;1.047
14.6690;-0.1969;-0.0594;1.0476;1.068
14.6700;-0.1600;-0.0476;0.9408;0.956
14.6720;-0.1610;-0.0459;0.9289;0.944
14.6730;-0.1449;-0.0474;0.9567;0.969
14.6750;-0.1551;-0.0213;0.9420;0.955
14.6760;-0.1593;-0.0134;0.9894;1.002
14.6780;-0.1459;0.0149;0.9484;0.960
14.6790;-0.1600;0.0071;1.0168;1.029
14.6800;-0.1693;-0.0186;1.0701;1.084
14.6820;-0.1847;-0.0259;1.0613;1.078
14.6840;-0.1801;-0.0151;1.0009;1.017
14.6860;-0.1854;-0.0186;0.9811;0.999
14.6870;-0.1957;-0.0042;0.9765;0.996
14.6890;-0.1930;-0.0103;0.9569;0.976
14.6900;-0.2125;-0.0354;0.9611;0.985
14.6920;-0.2221;-0.0464;0.9247;0.952
14.6940;-0.2077;-0.0555;0.9777;1.001
14.6950;-0.2301;-0.0095;0.9489;0.976
14.6970;-0.2301;0.0269;0.9416;0.970
14.6980;-0.2187;0.0286;0.9352;0.961
14.7020;-0.2311;0.0283;0.8394;0.871
14.7030;-0.2174;-0.0161;0.9484;0.973
14.7050;-0.1788;-0.0142;0.9249;0.942
14.7060;-0.1517;0.0225;0.9005;0.913
14.7220;-0.1527;0.0107;0.9452;0.958
14.7240;-0.1297;0.0134;0.8839;0.893
14.7250;-0.1317;-0.0303;0.9550;0.965
14.7270;-0.1556;-0.0577;1.0217;1.035
14.7290;-0.1368;-0.0425;1.0105;1.021
14.7300;-0.1441;-0.0320;0.9973;1.008
14.7320;-0.1686;-0.0164;0.9902;1.005
14.7330;-0.1549;-0.0430;0.9780;0.991
14.7350;-0.1559;-0.0638;0.9745;0.989
14.7370;-0.1625;-0.0723;0.9679;0.984
14.7380;-0.1520;-0.0860;0.9552;0.971
14.7400;-0.1805;-0.0716;0.9745;0.994
14.7410;-0.2047;-0.0330;0.9748;0.997
14.7430;-0.2233;-0.0066;0.9782;1.003
14.7440;-0.2155;-0.0142;1.0031;1.026
14.7460;-0.1854;0.0071;0.9885;1.006
14.7850;-0.1598;0.0042;0.9929;1.006
14.7870;-0.1454;0.0125;0.9655;0.976
14.7890;-0.1361;0.0151;0.9406;0.950
14.8310;-0.1261;-0.0132;0.9328;0.941
14.8320;-0.1273;-0.0269;0.9655;0.974
14.8340;-0.1173;-0.0518;1.0300;1.038
14.8350;-0.1649;-0.0298;1.0395;1.053
14.8370;-0.1634;-0.0279;1.0459;1.059
14.8770;-0.1507;-0.0406;1.0117;1.024
14.8790;-0.1630;-0.0518;1.0070;1.021
14.8800;-0.1590;-0.0572;1.0036;1.018
14.8820;-0.2042;-0.0425;1.0034;1.025
14.8840;-0.1930;-0.0325;1.0300;1.048
14.8960;-0.1998;-0.0171;0.9523;0.973
14.8980;-0.1864;-0.0149;0.9044;0.924
14.8990;-0.1842;-0.0002;0.9494;0.967
14.9010;-0.1893;-0.0186;0.8927;0.913
14.9020;-0.1515;-0.0437;0.9108;0.924
14.9430;-0.1473;-0.0340;0.9005;0.913
14.9580;-0.1319;-0.0366;0.7974;0.809
14.9610;-0.1974;-0.0100;0.9286;0.949
14.9620;-0.1937;0.0137;0.9110;0.931
14.9640;-0.1564;0.0024;0.9218;0.935
14.9650;-0.1485;-0.0232;0.9875;0.999
14.9780;-0.1353;-0.0215;0.9176;0.928
14.9800;-0.1913;-0.0169;0.9965;1.015
15.0180;-0.1932;-0.0088;0.9943;1.013
15.0190;-0.1959;0.0107;1.0439;1.062
15.0340;-0.1722;0.0112;1.0696;1.083
15.0350;-0.1810;0.0293;1.0083;1.025
15.0370;-0.2438;0.0440;1.0280;1.057
15.0530;-0.2028;0.0340;1.0073;1.028
15.0550;-0.2116;0.0293;0.8968;0.922
15.0710;-0.1879;0.0071;0.8734;0.893
15.1130;-0.1847;-0.0122;0.9428;0.961
15.1150;-0.2028;-0.0181;0.8797;0.903
15.1330;-0.1710;-0.0293;0.9064;0.923
15.1350;-0.1427;-0.0408;0.8834;0.896
15.1380;-0.1524;-0.0611;0.9699;0.984
15.1400;-0.2145;-0.0672;1.1226;1.145
15.1430;-0.2162;-0.0513;1.0881;1.111
15.1590;-0.2411;-0.0484;1.2337;1.258
15.1650;-0.2074;-0.0396;1.1771;1.196
15.1660;-0.1761;-0.0281;1.0664;1.081
15.1830;-0.2052;-0.0386;1.1429;1.162
15.1870;-0.1691;-0.0259;1.0681;1.082
15.2290;-0.1717;-0.0291;0.9904;1.006
15.2410;-0.1720;-0.0349;0.9667;0.983
15.2430;-0.1840;-0.0022;0.9555;0.973
15.2450;-0.1691;-0.0191;0.9577;0.973
15.2460;-0.1153;-0.0200;0.9628;0.970
15.2480;-0.1124;-0.0115;0.9391;0.946
15.2610;-0.1256;-0.0276;0.9868;0.995
15.6300;-0.2042;-0.0042;1.0417;1.062
15.6450;-0.2106;0.0149;1.0207;1.042
15.6460;-0.1661;0.0244;1.0285;1.042
15.6480;-0.1564;0.0015;0.9218;0.935
15.6490;-0.1502;-0.0237;0.9538;0.966
15.6500;-0.2165;-0.0445;1.0618;1.085
15.6520;-0.2206;-0.0435;1.0385;1.063
15.6550;-0.2060;-0.0357;1.1172;1.137
15.6590;-0.1876;-0.0257;1.0571;1.074
15.6610;-0.1764;-0.0122;1.0053;1.021
15.6620;-0.1781;-0.0105;1.0381;1.053
15.6640;-0.1361;0.0029;0.9997;1.009
15.6660;-0.1395;-0.0071;0.9877;0.998
15.6670;-0.1324;0.0347;0.9460;0.956
15.6680;-0.1744;0.0665;0.9508;0.969
15.6700;-0.1776;0.0435;0.9701;0.987
15.6710;-0.1353;0.0440;0.9631;0.974
15.6720;-0.1234;0.0100;0.9447;0.953
15.6740;-0.1527;-0.0342;1.0004;1.013
15.6750;-0.2209;-0.0237;1.0417;1.065
15.6770;-0.2287;-0.0117;1.0258;1.051
15.6780;-0.2226;-0.0222;0.9780;1.003
15.6820;-0.1752;-0.0225;0.8560;0.874
15.6840;-0.1910;-0.0205;0.9127;0.933
15.6870;-0.1801;-0.0364;0.8680;0.887
15.6890;-0.1561;-0.0506;0.8881;0.903
15.6900;-0.1813;-0.0630;0.9999;1.018
15.6920;-0.1432;-0.0777;0.9333;0.947
15.6940;-0.1737;-0.0559;1.0175;1.034
15.6950;-0.2008;-0.0493;1.0505;1.071
15.6970;-0.1788;-0.0445;0.9916;1.009
15.6980;-0.1759;-0.0540;0.9811;0.998
15.7000;-0.1754;-0.0296;0.9753;0.991
15.7010;-0.1783;0.0100;1.0207;1.036
15.7030;-0.1564;0.0171;1.0405;1.052
15.7040;-0.1344;0.0513;0.9736;0.984
15.7060;-0.1285;0.0315;0.9096;0.919
15.7070;-0.1722;0.0164;0.8998;0.916
15.7100;-0.1830;0.0115;0.9328;0.951
15.7110;-0.1747;-0.0061;1.0041;1.019
15.7520;-0.1673;-0.0071;0.9670;0.981
15.7540;-0.1104;-0.0127;0.8756;0.883
15.7560;-0.1378;0.0125;0.8951;0.906
15.7580;-0.1630;0.0151;0.8182;0.834
15.7610;-0.1871;0.0012;0.8497;0.870
15.7630;-0.2091;-0.0210;0.9894;1.012
15.7650;-0.1974;-0.0303;0.9699;0.990
15.8040;-0.1879;-0.0171;1.0469;1.064
15.8060;-0.1998;-0.0352;1.0659;1.085
15.8070;-0.1969;-0.0271;1.0569;1.075
15.8110;-0.2013;-0.0406;1.0791;1.098
15.8120;-0.1984;-0.0537;1.0261;1.046
15.8140;-0.1739;-0.0357;1.0310;1.046
15.8290;-0.1632;-0.0415;0.9846;0.999
15.8300;-0.1876;-0.0528;0.9523;0.972
15.8320;-0.2194;-0.0643;0.9953;1.021
15.8330;-0.2204;-0.0369;1.0002;1.025
15.8350;-0.2240;-0.0464;1.0080;1.034
15.8760;-0.1925;-0.0506;1.0017;1.021
15.8780;-0.1573;-0.0230;0.9975;1.010
15.8910;-0.1578;-0.0264;1.0009;1.014
15.8920;-0.1590;0.0132;0.9726;0.986
15.8940;-0.1566;0.0247;0.9499;0.963
15.8950;-0.1527;0.0151;0.9762;0.988
15.8960;-0.1439;-0.0022;1.0332;1.043
15.9350;-0.1415;-0.0132;1.0532;1.063
15.9370;-0.1427;0.0039;1.0676;1.077
15.9510;-0.1649;-0.0051;1.0124;1.026
15.9530;-0.1798;0.0022;0.9660;0.983
15.9540;-0.1884;0.0032;0.9565;0.975
15.9660;-0.2245;-0.0298;0.9704;0.996
16.0040;-0.2448;-0.0474;1.0026;1.033
16.0170;-0.2233;-0.0481;0.9648;0.991
16.0190;-0.2018;-0.0489;0.9269;0.950
16.0340;-0.1830;-0.0388;0.8517;0.872
16.0390;-0.1642;-0.0288;0.7764;0.794
16.0530;-0.1659;-0.0547;0.9218;0.938
16.0550;-0.1842;-0.0396;0.9198;0.939
16.0690;-0.1722;-0.0012;0.9318;0.948
16.1070;-0.1698;0.0205;1.0547;1.068
16.1080;-0.1544;0.0271;0.9113;0.925
16.1250;-0.1224;-0.0073;0.9152;0.923
16.1260;-0.1546;-0.0257;1.0075;1.020
16.1280;-0.1124;-0.0398;0.9396;0.947
16.1290;-0.1116;-0.0362;0.9787;0.986
16.1310;-0.1561;0.0054;0.9924;1.005
16.1430;-0.1019;-0.0022;0.9975;1.003
16.1580;-0.1126;0.0027;1.0520;1.058
16.1600;-0.1713;0.0181;0.9767;0.992
16.1730;-0.1847;-0.0044;0.9269;0.945
16.1750;-0.1920;-0.0090;0.9381;0.958
16.2200;-0.2216;-0.0022;0.8389;0.868
16.2210;-0.2033;-0.0059;0.8695;0.893
16.2360;-0.1600;-0.0230;0.8895;0.904
16.2370;-0.2121;-0.0164;0.8839;0.909
16.2390;-0.2419;-0.0213;0.9887;1.018
16.2510;-0.2443;-0.0266;1.0063;1.036
16.2680;-0.2475;-0.0552;1.1206;1.149
16.2720;-0.1959;-0.0923;1.1197;1.140
16.3130;-0.1837;-0.0872;1.0063;1.027
16.6930;-0.1989;-0.0816;0.9802;1.003
16.6970;-0.1747;-0.0271;1.0166;1.032
16.7400;-0.2455;-0.0142;0.8485;0.883
16.7410;-0.2770;-0.0435;0.7928;0.841
16.7460;-0.1991;-0.0596;0.8912;0.915
16.7510;-0.2739;-0.0718;0.7903;0.840
16.7540;-0.2536;-0.0425;0.8939;0.930
16.7570;-0.1864;-0.0281;1.0539;1.071
16.7580;-0.2514;-0.0103;0.9440;0.977
16.7600;-0.2272;-0.0086;0.8846;0.913
16.7640;-0.1761;-0.0144;0.9298;0.946
16.7650;-0.2196;-0.0010;0.9384;0.964
16.7670;-0.2404;-0.0042;1.0627;1.090
16.7690;-0.2042;-0.0012;1.0632;1.083
16.7710;-0.1950;0.0093;0.9591;0.979
16.7740;-0.1388;0.0203;0.9100;0.921
16.7760;-0.1451;0.0039;0.9281;0.939
16.7770;-0.2084;-0.0186;1.0701;1.090
16.7790;-0.1986;-0.0327;1.0916;1.110
16.7820;-0.2321;-0.0450;1.0964;1.122
16.7840;-0.2030;-0.0298;1.0341;1.054
16.7850;-0.1820;0.0107;0.9855;1.002
16.7870;-0.1771;-0.0029;0.9887;1.004
16.7880;-0.1283;-0.0235;0.9337;0.943
16.7900;-0.1495;-0.0215;0.9301;0.942
16.7910;-0.1063;-0.0523;0.9320;0.940
16.7940;-0.1200;-0.0371;1.0026;1.010
16.7960;-0.1520;-0.0276;0.9569;0.969
16.7970;-0.1138;-0.0406;0.8600;0.868
16.8000;-0.1603;-0.0403;0.8560;0.872
16.8020;-0.1998;-0.0418;0.9083;0.931
16.8040;-0.2211;-0.0376;1.0769;1.100
16.8050;-0.2116;-0.0313;1.0393;1.061
16.8090;-0.1930;-0.0513;1.1135;1.131
16.8140;-0.1813;-0.0696;1.1316;1.148
16.8160;-0.1632;-0.0511;1.0293;1.043
16.8170;-0.1793;-0.0574;1.1624;1.178
16.8190;-0.1764;-0.0432;1.0713;1.087
16.8200;-0.1630;-0.0489;1.0058;1.020
16.8220;-0.1559;-0.0914;1.0608;1.076
16.8240;-0.1857;-0.0826;1.0276;1.047
16.8250;-0.1549;-0.0862;1.0566;1.071
16.8270;-0.1346;-0.0701;1.0600;1.071
16.8280;-0.1566;-0.0586;1.0119;1.026
16.8300;-0.1241;-0.0149;1.0449;1.052
16.8310;-0.1522;0.0413;1.0156;1.028
16.8330;-0.1766;0.0440;0.9442;0.962
16.8490;-0.1512;0.0611;0.9973;1.011
16.8510;-0.1400;0.0173;1.0280;1.038
16.8520;-0.1622;-0.0015;1.0214;1.034
16.8550;-0.1583;-0.0054;1.0762;1.088
16.8570;-0.1620;-0.0191;1.0581;1.071
16.8580;-0.1566;-0.0132;1.0202;1.032
16.8600;-0.1178;-0.0322;1.0197;1.027
16.8610;-0.1390;-0.0147;1.0207;1.030
16.8630;-0.1390;-0.0210;0.9728;0.983
16.8650;-0.1480;-0.0469;0.9447;0.957
16.8660;-0.1820;-0.0203;0.9985;1.015
16.9070;-0.1490;-0.0408;0.9330;0.946
16.9090;-0.1373;-0.0374;0.9164;0.927
16.9110;-0.1710;-0.0103;0.9589;0.974
16.9490;-0.1554;-0.0195;0.8939;0.908
16.9510;-0.1764;0.0203;0.9274;0.944
16.9520;-0.1976;0.0300;0.9374;0.958
16.9540;-0.1735;0.0161;0.8883;0.905
16.9690;-0.1717;0.0005;0.9235;0.939
16.9700;-0.1915;0.0178;0.9455;0.965
16.9720;-0.2111;0.0652;0.9909;1.015
16.9730;-0.1835;0.0704;1.0126;1.032
16.9740;-0.2042;0.0647;0.9843;1.007
17.0130;-0.2035;0.0261;0.9692;0.991
17.0250;-0.1620;-0.0249;1.0151;1.028
17.0270;-0.2006;-0.0156;0.9833;1.004
17.0280;-0.1998;-0.0076;0.9806;1.001
17.0290;-0.1991;0.0005;0.9780;0.998
17.0680;-0.2072;0.0015;0.9587;0.981
17.0700;-0.2145;0.0064;1.0068;1.029
17.0820;-0.2147;0.0088;1.0173;1.040
17.0840;-0.1981;-0.0056;0.9657;0.986
17.0850;-0.1981;0.0037;0.9824;1.002
17.0980;-0.1659;-0.0090;1.0329;1.046
17.0990;-0.1815;-0.0203;0.9213;0.939
17.1390;-0.1896;-0.0188;1.1055;1.122
17.1540;-0.2130;-0.0215;1.1771;1.196
17.1560;-0.2135;-0.0144;1.0388;1.061
17.1570;-0.2155;-0.0344;1.2140;1.233
17.1620;-0.2419;-0.0503;1.1553;1.181
17.1810;-0.2306;-0.0276;1.0608;1.086
17.1850;-0.2424;-0.0147;1.1761;1.201
17.1870;-0.2267;-0.0088;1.0476;1.072
17.2040;-0.2223;-0.0071;1.0129;1.037
17.2060;-0.2555;-0.0440;1.0141;1.047
17.2220;-0.2629;-0.0472;0.9887;1.024
17.2610;-0.2973;-0.0594;0.9762;1.022
17.2630;-0.3205;-0.0674;0.8700;0.930
17.2810;-0.3618;-0.0320;0.9086;0.978
17.2840;-0.4380;-0.0435;0.8372;0.946
17.2870;-0.4652;-0.0132;0.8455;0.965
17.2910;-0.4979;0.0337;0.9284;1.054
17.2930;-0.5292;-0.0142;0.7801;0.943
17.7170;-0.5514;-0.0489;0.7683;0.947
17.7270;-0.5360;-0.0452;0.8766;1.028
17.7360;-0.5150;-0.0581;0.9103;1.047
17.7430;-0.5096;-0.0054;0.9877;1.111
17.7490;-0.4710;0.0371;1.0280;1.131
17.7560;-0.4700;0.0413;0.9484;1.059
17.7620;-0.4683;0.0293;0.9284;1.040
17.7690;-0.4126;-0.0068;0.9000;0.990
17.7760;-0.3902;-0.0327;0.9088;0.990
17.7810;-0.3745;-0.0386;0.9565;1.028
17.7880;-0.3596;-0.0276;0.9318;0.999
17.7940;-0.3665;-0.0068;0.9579;1.026
17.7970;-0.3733;0.0015;0.9875;1.056
17.8000;-0.3733;-0.0103;0.9782;1.047
17.8020;-0.3721;-0.0120;0.9750;1.044
17.8040;-0.3711;-0.0159;0.9692;1.038
17.8070;-0.3701;-0.0073;0.9599;1.029
17.8100;-0.3684;0.0059;0.9594;1.028
17.8130;-0.3735;-0.0159;0.9518;1.023
17.8160;-0.3784;-0.0354;0.9469;1.020
17.8180;-0.3579;-0.0340;0.9562;1.022
17.8210;-0.3447;-0.0454;0.9442;1.006
17.8260;-0.3259;-0.0327;0.9460;1.001
17.8300;-0.2665;-0.0107;0.9677;1.004
17.8310;-0.2162;-0.0132;0.9684;0.992
17.8330;-0.1593;-0.0073;0.9816;0.994
17.8370;-0.0928;-0.0015;0.9970;1.001
17.8390;-0.0669;-0.0049;0.9924;0.995
17.8410;-0.1021;-0.0156;0.9828;0.988
17.8420;-0.2133;-0.0244;0.9748;0.998
17.8460;-0.3340;-0.0332;0.9645;1.021
17.8510;-0.4195;-0.0364;0.9692;1.057
17.8550;-0.4473;-0.0235;0.9733;1.071
17.8600;-0.3992;-0.0125;0.9760;1.055
17.8650;-0.3335;-0.0107;0.9701;1.026
17.8690;-0.2963;-0.0132;0.9616;1.006
17.8740;-0.2722;-0.0210;0.9653;1.003
17.8790;-0.2485;-0.0149;0.9745;1.006
17.8810;-0.2424;0.0005;0.9924;1.022
17.8820;-0.2289;-0.0049;0.9890;1.015
17.8870;-0.2111;0.0061;0.9965;1.019
17.8890;-0.1928;0.0032;0.9985;1.017
17.8910;-0.1664;-0.0161;0.9819;0.996
17.8930;-0.1427;-0.0049;0.9865;0.997
17.9070;-0.1234;-0.0100;0.9802;0.988
17.9090;-0.1366;-0.0225;0.9880;0.998
17.9100;-0.1229;-0.0149;1.0053;1.013
17.9120;-0.1204;-0.0186;1.0105;1.018
17.9140;-0.1378;-0.0076;1.0087;1.018
17.9180;-0.1048;-0.0100;1.0085;1.014
17.9190;-0.1068;-0.0161;1.0173;1.023
17.9210;-0.1087;-0.0220;0.9970;1.003
17.9240;-0.0909;-0.0425;0.9836;0.989
17.9270;-0.0972;-0.0357;0.9865;0.992
17.9390;-0.0836;-0.0220;0.9792;0.983
17.9420;-0.0755;-0.0156;1.0034;1.006
17.9450;-0.0643;-0.0120;1.0239;1.026
17.9460;-0.0467;-0.0149;1.0124;1.014
17.9480;-0.0577;-0.0220;1.0043;1.006
17.9530;-0.0498;-0.0208;1.0048;1.006
17.9570;-0.0452;-0.0169;1.0090;1.010
18.0030;-0.0562;-0.0142;1.0063;1.008
18.0070;-0.0603;-0.0142;1.0087;1.011
18.0080;-0.0777;-0.0154;1.0002;1.003
18.0110;-0.0965;-0.0161;0.9946;0.999
18.0130;-0.0997;-0.0156;0.9958;1.001
18.0180;-0.1175;-0.0191;0.9899;0.997
18.0200;-0.1439;-0.0159;0.9958;1.006
18.0600;-0.1688;-0.0132;0.9987;1.013
18.0620;-0.1942;-0.0139;0.9926;1.012
18.0660;-0.2064;-0.0103;0.9985;1.020
18.0670;-0.2101;-0.0132;0.9926;1.015
18.0690;-0.2123;-0.0156;0.9848;1.008
18.0700;-0.2118;-0.0149;0.9870;1.010
18.0820;-0.2081;-0.0147;0.9860;1.008
18.0840;-0.2016;-0.0149;0.9855;1.006
18.0860;-0.1964;-0.0156;0.9870;1.006
18.0870;-0.1901;-0.0161;0.9880;1.006
18.0880;-0.1823;-0.0166;0.9880;1.005
18.1290;-0.1774;-0.0166;0.9875;1.003
18.1310;-0.1693;-0.0161;0.9885;1.003
18.1430;-0.1698;-0.0161;0.9875;1.002
18.1460;-0.1717;-0.0161;0.9875;1.002
18.1470;-0.1803;-0.0154;0.9887;1.005
18.1490;-0.1869;-0.0159;0.9865;1.004
18.1500;-0.1884;-0.0159;0.9858;1.004
18.1620;-0.1874;-0.0161;0.9860;1.004
18.2010;-0.1798;-0.0171;0.9850;1.001
18.2030;-0.1801;-0.0164;0.9868;1.003
18.2150;-0.1803;-0.0164;0.9870;1.003
18.2170;-0.1830;-0.0161;0.9863;1.003
18.2190;-0.1849;-0.0156;0.9870;1.004
18.2310;-0.1852;-0.0161;0.9863;1.004
18.2330;-0.1854;-0.0159;0.9870;1.004
18.2710;-0.1849;-0.0159;0.9875;1.005
18.2730;-0.1854;-0.0156;0.9872;1.005
18.2850;-0.1849;-0.0154;0.9877;1.005
18.2870;-0.1847;-0.0156;0.9875;1.005
18.2880;-0.1852;-0.0154;0.9880;1.005
18.2900;-0.1854;-0.0156;0.9877;1.005
18.7770;-0.1859;-0.0156;0.9877;1.005
18.7800;-0.1862;-0.0151;0.9885;1.006
18.7810;-0.1854;-0.0149;0.9882;1.006
18.7820;-0.1847;-0.0147;0.9877;1.005
18.7840;-0.1837;-0.0147;0.9870;1.004
18.7870;-0.1832;-0.0147;0.9865;1.003
18.7890;-0.1837;-0.0149;0.9870;1.004
18.7900;-0.1842;-0.0151;0.9877;1.005
18.7920;-0.1840;-0.0154;0.9885;1.006
18.7930;-0.1830;-0.0159;0.9887;1.006
18.7950;-0.1820;-0.0161;0.9885;1.005
18.7960;-0.1818;-0.0161;0.9882;1.005
18.7980;-0.1827;-0.0166;0.9875;1.004
18.7990;-0.1840;-0.0169;0.9870;1.004
18.8010;-0.1852;-0.0166;0.9870;1.004
18.8020;-0.1857;-0.0166;0.9870;1.004
18.8040;-0.1857;-0.0161;0.9870;1.004
18.8060;-0.1847;-0.0156;0.9875;1.005
18.8070;-0.1837;-0.0156;0.9875;1.005
18.8090;-0.1825;-0.0154;0.9877;1.005
18.8100;-0.1818;-0.0151;0.9880;1.005
18.8110;-0.1820;-0.0149;0.9877;1.004
18.8130;-0.1827;-0.0147;0.9872;1.004
18.8150;-0.1847;-0.0151;0.9872;1.004
18.8160;-0.1862;-0.0156;0.9877;1.005
18.8180;-0.1876;-0.0159;0.9877;1.006
18.8190;-0.1886;-0.0161;0.9880;1.006
18.8200;-0.1884;-0.0159;0.9872;1.005
18.8220;-0.1881;-0.0159;0.9868;1.005
18.8230;-0.1879;-0.0161;0.9868;1.005
18.8250;-0.1869;-0.0166;0.9870;1.005
18.8270;-0.1859;-0.0164;0.9877;1.005
18.8280;-0.1849;-0.0159;0.9882;1.006
18.8300;-0.1840;-0.0154;0.9885;1.006
18.8310;-0.1845;-0.0149;0.9885;1.006
18.8330;-0.1852;-0.0151;0.9882;1.006
18.8340;-0.1862;-0.0151;0.9877;1.005
18.8360;-0.1874;-0.0154;0.9877;1.005
18.8370;-0.1879;-0.0154;0.9877;1.006
18.8390;-0.1871;-0.0156;0.9875;1.005
18.8400;-0.1862;-0.0161;0.9875;1.005
18.8420;-0.1847;-0.0161;0.9863;1.004
18.8440;-0.1835;-0.0161;0.9877;1.005
18.8460;-0.1835;-0.0159;0.9894;1.006
18.8480;-0.1845;-0.0161;0.9897;1.007
18.8500;-0.1849;-0.0164;0.9902;1.007
18.8520;-0.1852;-0.0166;0.9880;1.005
18.8540;-0.1847;-0.0164;0.9868;1.004
18.8560;-0.1835;-0.0159;0.9865;1.004
18.8580;-0.1830;-0.0156;0.9870;1.004
18.8760;-0.1827;-0.0154;0.9880;1.005
18.8790;-0.1832;-0.0156;0.9880;1.005
18.8810;-0.1842;-0.0159;0.9885;1.006
18.8830;-0.1852;-0.0159;0.9890;1.006
18.8860;-0.1859;-0.0159;0.9890;1.006
18.8880;-0.1862;-0.0159;0.9890;1.006
18.8900;-0.1857;-0.0159;0.9887;1.006
18.8920;-0.1852;-0.0161;0.9885;1.006
18.9330;-0.1845;-0.0164;0.9882;1.005
18.9350;-0.1842;-0.0166;0.9877;1.005
18.9370;-0.1840;-0.0166;0.9875;1.005
18.9770;-0.1837;-0.0164;0.9870;1.004
18.9790;-0.1840;-0.0164;0.9872;1.004
18.9810;-0.1842;-0.0164;0.9877;1.005
18.9820;-0.1845;-0.0164;0.9880;1.005
18.9840;-0.1847;-0.0166;0.9885;1.006
18.9960;-0.1845;-0.0164;0.9877;1.005
18.9980;-0.1835;-0.0159;0.9872;1.004
19.0000;-0.1825;-0.0154;0.9870;1.004
19.0010;-0.1823;-0.0151;0.9875;1.004
19.0030;-0.1830;-0.0156;0.9880;1.005
19.0430;-0.1845;-0.0164;0.9882;1.005
19.0450;-0.1840;-0.0181;0.9865;1.004
19.0580;-0.1864;-0.0166;0.9897;1.007
19.0590;-0.1881;-0.0147;0.9933;1.011
19.0610;-0.1876;-0.0149;0.9894;1.007
19.0620;-0.1891;-0.0142;0.9875;1.006
19.0660;-0.1871;-0.0151;0.9858;1.003
19.1540;-0.1859;-0.0164;0.9816;0.999
19.1670;-0.1869;-0.0154;0.9850;1.003
19.1690;-0.1867;-0.0149;0.9885;1.006
19.1710;-0.1862;-0.0149;0.9863;1.004
19.1720;-0.1849;-0.0147;0.9865;1.004
19.1740;-0.1832;-0.0151;0.9863;1.003
19.1760;-0.1813;-0.0161;0.9846;1.001
19.1770;-0.1793;-0.0178;0.9826;0.999
19.1790;-0.1805;-0.0166;0.9858;1.002
19.1910;-0.1827;-0.0166;0.9848;1.002
19.1940;-0.1864;-0.0156;0.9853;1.003
19.1960;-0.1893;-0.0149;0.9880;1.006
19.1970;-0.1891;-0.0171;0.9855;1.004
19.2380;-0.1888;-0.0171;0.9868;1.005
19.2510;-0.1884;-0.0173;0.9880;1.006
19.2530;-0.1886;-0.0173;0.9870;1.005
19.2550;-0.1879;-0.0151;0.9860;1.004
19.2560;-0.1884;-0.0169;0.9870;1.005
19.2700;-0.1891;-0.0183;0.9880;1.006
19.3120;-0.1881;-0.0173;0.9882;1.006
19.3150;-0.1864;-0.0198;0.9880;1.006
19.3280;-0.1830;-0.0186;0.9868;1.004
19.7320;-0.1793;-0.0166;0.9868;1.003
19.7350;-0.1774;-0.0171;0.9875;1.003
19.7390;-0.1783;-0.0166;0.9882;1.004
19.7430;-0.1808;-0.0159;0.9894;1.006
19.7570;-0.1835;-0.0159;0.9894;1.006
19.7590;-0.1859;-0.0161;0.9885;1.006
19.7600;-0.1849;-0.0151;0.9882;1.005
19.7620;-0.1825;-0.0144;0.9875;1.004
19.7630;-0.1835;-0.0156;0.9858;1.003
19.7650;-0.1852;-0.0147;0.9880;1.005
19.7660;-0.1891;-0.0147;0.9899;1.008
19.7680;-0.1920;-0.0156;0.9887;1.007
19.7690;-0.1923;-0.0142;0.9897;1.008
19.7720;-0.1920;-0.0147;0.9877;1.006
19.7740;-0.1908;-0.0151;0.9855;1.004
19.7750;-0.1906;-0.0147;0.9865;1.005
19.7770;-0.1891;-0.0149;0.9870;1.005
19.7780;-0.1869;-0.0151;0.9872;1.005
19.7800;-0.1857;-0.0154;0.9877;1.005
19.7810;-0.1845;-0.0159;0.9885;1.006
19.7830;-0.1840;-0.0156;0.9882;1.005
19.7850;-0.1842;-0.0154;0.9882;1.005
19.7860;-0.1891;-0.0156;0.9860;1.004
19.7880;-0.1864;-0.0159;0.9860;1.004
19.7890;-0.1845;-0.0159;0.9870;1.004
19.7910;-0.1820;-0.0154;0.9870;1.004
19.7920;-0.1825;-0.0154;0.9870;1.004
19.7940;-0.1837;-0.0156;0.9875;1.005
19.7960;-0.1847;-0.0161;0.9870;1.004
19.7970;-0.1859;-0.0164;0.9875;1.005
19.7990;-0.1864;-0.0166;0.9882;1.006
19.8000;-0.1862;-0.0166;0.9885;1.006
19.8020;-0.1864;-0.0164;0.9882;1.006
19.8030;-0.1840;-0.0161;0.9875;1.005
19.8050;-0.1823;-0.0159;0.9865;1.003
19.8070;-0.1847;-0.0151;0.9870;1.004
19.8090;-0.1859;-0.0159;0.9858;1.003
19.8100;-0.1898;-0.0166;0.9850;1.003
19.8120;-0.1935;-0.0166;0.9860;1.005
19.8620;-0.1940;-0.0169;0.9853;1.004
19.8650;-0.1947;-0.0159;0.9868;1.006
19.8660;-0.1937;-0.0156;0.9880;1.007
19.8680;-0.1930;-0.0161;0.9875;1.006
19.8690;-0.1898;-0.0169;0.9877;1.006
19.9110;-0.1837;-0.0173;0.9887;1.006
19.9140;-0.1793;-0.0171;0.9899;1.006
19.9160;-0.1708;-0.0166;0.9902;1.005
19.9170;-0.1659;-0.0154;0.9912;1.005
19.9190;-0.1639;-0.0144;0.9914;1.005
19.9200;-0.1676;-0.0159;0.9904;1.005
19.9220;-0.1744;-0.0156;0.9899;1.005
19.9360;-0.1791;-0.0161;0.9882;1.004
19.9370;-0.1884;-0.0176;0.9865;1.004
19.9390;-0.1923;-0.0161;0.9863;1.005
19.9400;-0.1972;-0.0166;0.9865;1.006
20.0140;-0.1984;-0.0171;0.9848;1.005
20.0200;-0.1950;-0.0166;0.9831;1.002
20.0450;-0.1908;-0.0166;0.9841;1.003
20.0470;-0.1881;-0.0166;0.9841;1.002
20.0490;-0.1891;-0.0166;0.9860;1.004
20.0510;-0.1906;-0.0166;0.9872;1.006
20.0520;-0.1913;-0.0166;0.9863;1.005
20.0540;-0.1906;-0.0166;0.9863;1.005
20.0550;-0.1898;-0.0164;0.9868;1.005
20.0570;-0.1874;-0.0161;0.9877;1.005
20.0960;-0.1862;-0.0159;0.9880;1.005
20.0990;-0.1864;-0.0156;0.9868;1.004
20.1000;-0.1867;-0.0156;0.9850;1.003
20.1020;-0.1871;-0.0164;0.9848;1.003
20.1150;-0.1881;-0.0161;0.9855;1.003
20.1170;-0.1876;-0.0159;0.9877;1.006
20.1190;-0.1862;-0.0161;0.9882;1.006
20.1200;-0.1867;-0.0149;0.9892;1.007
20.1600;-0.1867;-0.0147;0.9892;1.007
20.1620;-0.1862;-0.0154;0.9885;1.006
20.1900;-0.1869;-0.0151;0.9880;1.006
20.1950;-0.1867;-0.0156;0.9858;1.003
20.1990;-0.1876;-0.0159;0.9858;1.004
20.2020;-0.1874;-0.0154;0.9853;1.003
20.2060;-0.1869;-0.0154;0.9863;1.004
20.2370;-0.1859;-0.0156;0.9868;1.004
20.2410;-0.1854;-0.0159;0.9858;1.003
20.2440;-0.1857;-0.0161;0.9860;1.003
20.2460;-0.1859;-0.0164;0.9863;1.004
20.2870;-0.1864;-0.0164;0.9868;1.004
20.2890;-0.1862;-0.0166;0.9870;1.005
20.2910;-0.1869;-0.0166;0.9872;1.005
20.3040;-0.1867;-0.0166;0.9872;1.005
20.3060;-0.1879;-0.0164;0.9875;1.005
20.3070;-0.1881;-0.0161;0.9872;1.005
20.3090;-0.1876;-0.0161;0.9870;1.005
20.3110;-0.1881;-0.0161;0.9870;1.005
20.3540;-0.1869;-0.0164;0.9868;1.004
20.3560;-0.1864;-0.0164;0.9870;1.005
20.3700;-0.1867;-0.0161;0.9872;1.005
20.3720;-0.1867;-0.0159;0.9872;1.005
20.3740;-0.1876;-0.0154;0.9868;1.005
20.3760;-0.1879;-0.0151;0.9858;1.004
20.3780;-0.1876;-0.0154;0.9860;1.004
20.3940;-0.1879;-0.0154;0.9865;1.004
20.9070;-0.1876;-0.0156;0.9877;1.006
20.9090;-0.1864;-0.0164;0.9890;1.006
20.9110;-0.1862;-0.0156;0.9890;1.006
20.9120;-0.1857;-0.0151;0.9890;1.006
20.9140;-0.1867;-0.0154;0.9885;1.006
20.9150;-0.1886;-0.0151;0.9880;1.006
20.9170;-0.1876;-0.0164;0.9880;1.006
20.9190;-0.1879;-0.0164;0.9890;1.007
20.9200;-0.1867;-0.0156;0.9904;1.008
20.9220;-0.1852;-0.0159;0.9899;1.007
20.9230;-0.1842;-0.0154;0.9894;1.007
20.9250;-0.1820;-0.0161;0.9880;1.005
20.9260;-0.1805;-0.0164;0.9870;1.004
20.9280;-0.1815;-0.0164;0.9868;1.003
20.9290;-0.1845;-0.0166;0.9860;1.003
20.9310;-0.1886;-0.0164;0.9868;1.005
20.9320;-0.1906;-0.0169;0.9863;1.005
20.9340;-0.1903;-0.0166;0.9870;1.005
20.9350;-0.1893;-0.0164;0.9880;1.006
20.9370;-0.1871;-0.0166;0.9875;1.005
20.9380;-0.1859;-0.0164;0.9880;1.005
20.9400;-0.1852;-0.0159;0.9885;1.006
20.9410;-0.1852;-0.0154;0.9887;1.006
20.9430;-0.1852;-0.0151;0.9882;1.006
20.9440;-0.1859;-0.0151;0.9875;1.005
20.9460;-0.1862;-0.0154;0.9868;1.004
20.9470;-0.1864;-0.0161;0.9863;1.004
20.9480;-0.1869;-0.0161;0.9865;1.004
20.9500;-0.1871;-0.0161;0.9868;1.004
20.9510;-0.1871;-0.0156;0.9868;1.004
20.9530;-0.1871;-0.0147;0.9865;1.004
20.9540;-0.1867;-0.0142;0.9865;1.004
20.9560;-0.1852;-0.0144;0.9872;1.005
20.9570;-0.1840;-0.0151;0.9882;1.005
20.9590;-0.1854;-0.0156;0.9872;1.005
20.9600;-0.1845;-0.0169;0.9868;1.004
20.9610;-0.1845;-0.0173;0.9855;1.003
20.9630;-0.1859;-0.0173;0.9850;1.003
20.9650;-0.1849;-0.0173;0.9858;1.003
20.9660;-0.1867;-0.0166;0.9858;1.003
20.9680;-0.1881;-0.0161;0.9863;1.004
20.9690;-0.1874;-0.0161;0.9865;1.004
20.9710;-0.1864;-0.0164;0.9875;1.005
20.9720;-0.1859;-0.0166;0.9887;1.006
20.9740;-0.1857;-0.0166;0.9894;1.007
20.9750;-0.1862;-0.0164;0.9890;1.006
20.9760;-0.1867;-0.0161;0.9887;1.006
20.9780;-0.1867;-0.0159;0.9882;1.006
20.9900;-0.1864;-0.0156;0.9872;1.005
20.9920;-0.1859;-0.0159;0.9870;1.004
20.9930;-0.1854;-0.0161;0.9865;1.004
20.9950;-0.1857;-0.0161;0.9863;1.004
20.9960;-0.1867;-0.0161;0.9868;1.004
20.9980;-0.1879;-0.0159;0.9872;1.005
20.9990;-0.1881;-0.0156;0.9875;1.005
21.0010;-0.1876;-0.0156;0.9875;1.005
21.0020;-0.1871;-0.0161;0.9872;1.005
21.0040;-0.1862;-0.0161;0.9872;1.005
21.0050;-0.1862;-0.0161;0.9875;1.005
21.0500;-0.1852;-0.0156;0.9782;0.996
21.0520;-0.1881;-0.0166;0.9892;1.007
21.0540;-0.1915;-0.0181;0.9999;1.018
21.0550;-0.1920;-0.0186;0.9921;1.011
21.0990;-0.1959;-0.0191;1.0117;1.031
21.1000;-0.1967;-0.0200;0.9970;1.016
21.1020;-0.1959;-0.0205;0.9816;1.001
21.1030;-0.1981;-0.0220;0.9848;1.005
21.1160;-0.1950;-0.0225;0.9797;0.999
21.1180;-0.1906;-0.0205;0.9885;1.007
21.1190;-0.1901;-0.0210;0.9902;1.008
21.1210;-0.1901;-0.0208;0.9943;1.013
21.1400;-0.1930;-0.0220;0.9890;1.008
21.1410;-0.1937;-0.0210;0.9821;1.001
21.1790;-0.1915;-0.0176;0.9855;1.004
